id,serving_size_g,calories,protein,carbohydrates,fat,fiber,sugar,sodium,name_category
1,75,96,16.8,1.5,2.6,0,0,0,"it=Alici:Senza categoria;en=Anchovies:Uncategorized"
2,50,128,25,0,3.1,0,0,0,"it=Alici Sotto Sale:Senza categoria;en=Salted Anchovies:Uncategorized"
3,100,206,25.9,0.2,11.3,0,0,0,"it=Alici Sott'olio:Senza categoria;en=Anchovies In Oil:Uncategorized"
4,100,4,0.4,0.6,0,0,0,0,"it=Aceto:Senza categoria;en=Vinegar:Uncategorized"
5,100,0,0,0,0,0,0,0,"it=Acqua:Senza categoria;en=Water:Uncategorized"
6,100,33,0,8.8,0,0,0,0,"it=Acqua Tonica:Senza categoria;en=Tonic Water:Uncategorized"
7,100,16,1.6,2,1.2,0,0,0,"it=Agar Agar:Senza categoria;en=Agar AgarSenza categoria:Uncategorized"
8,75,41,0.9,8.4,0.6,0,0,0,"it=Aglio:Senza categoria;en=GarlicUncategorized:Uncategorized"
9,100,246,18.7,42.7,1.2,0,0,0,"it=Aglio In Polvere:Senza categoria;en=Garlic Powder:Uncategorized"
10,83,162,20.8,0,8.8,0,0,0,"it=Agnello:Senza categoria;en=Lamb:Uncategorized"
11,100,279,18,0,23,0,0,0,"it=Agnello - Grassa:Senza categoria;en=Lamb - Fat:Uncategorized"
12,100,121,20,0,4.6,0,0,0,"it=Agnello - Magra:Senza categoria;en=Lamb - Lean:Uncategorized"
13,100,211,19,0,15,0,0,0,"it=Agnello - Semigrassa:Senza categoria;en=Lamb - Medium Fat:Uncategorized"
14,100,110,15.7,1.2,4.7,0,0,0,"it=Agnello - Coratella:Senza categoria;en=Lamb - Offal:Uncategorized"
15,77,386,14.6,0,36.3,0,0,0,"it=Agnello - Costolette:Senza categoria;en=Lamb - Chops:Uncategorized"
16,97,17,1.8,2.2,0.2,0,0,0,"it=Agretti:Senza categoria;en=Agretti:Uncategorized"
17,94,28,0.4,6.8,0.1,0,0,0,"it=Albicocche:Senza categoria;en=Apricots:Uncategorized"
18,100,188,4.8,43.4,0.7,0,0,0,"it=Albicocche - Secca:Senza categoria;en=Dried Apricots:Uncategorized"
19,100,516,0,0,0,0,0,0,"it=Alcool Puro:Senza categoria;en=Pure Alcohol:Uncategorized"
20,100,408,8,49,20,0,0,0,"it=All Bran Kelloggs Barretta:Senza categoria;en=All Bran Kelloggs Bar:Uncategorized"
21,100,313,7.6,48.6,8.4,0,0,0,"it=Alloro:Senza categoria;en=Bay Leaf:Uncategorized"
22,85,41,0.8,10.2,0,0,0,0,"it=Amarene:Senza categoria;en=Sour Cherries:Uncategorized"
23,100,261,2,32.8,0,0,0,0,"it=Amari Bassa Gradazione:Senza categoria;en=Low-alcohol Bitters:Uncategorized"
24,100,232,2,0.5,0,0,0,0,"it=Amari Alta Gradazione:Senza categoria;en=High-alcohol Bitters:Uncategorized"
25,100,379,0.4,100.1,0.2,0,0,0,"it=Amido:Senza categoria;en=Starch:Uncategorized"
26,57,40,0.5,10,0,0,0,0,"it=Ananas:Senza categoria;en=Pineapple:Uncategorized"
27,100,77,0.3,20.2,2,0,0,0,"it=Ananas Sciroppata:Senza categoria;en=Canned Pineapple:Uncategorized"
28,80,159,21.4,0,8.2,0,0,0,"it=Anatra:Senza categoria;en=Duck:Uncategorized"
29,71,261,11.8,0.1,23.7,0,0,0,"it=Anguilla Di Fiume:Senza categoria;en=River Eel:Uncategorized"
30,70,237,14.6,0.7,19.6,0,0,0,"it=Anguilla Di Mare:Senza categoria;en=Sea Eel:Uncategorized"
31,88,259,14.8,0.6,21.9,0,0,0,"it=Anguilla Marinata:Senza categoria;en=Marinated Eel:Uncategorized"
32,100,186,3,17,0,0,0,0,"it=Aperitivi:Senza categoria;en=Aperitifs:Uncategorized"
33,79,571,26,11.2,47.2,0,0,0,"it=Arachidi Crude:Senza categoria;en=Raw Peanuts:Uncategorized"
34,65,597,29,8.5,50,0,0,0,"it=Arachidi Tostate:Senza categoria;en=Toasted Peanuts:Uncategorized"
35,100,602,24.5,7.1,53,0,0,0,"it=Arachidi Salate:Senza categoria;en=Salted Peanuts:Uncategorized"
36,29,86,16.2,1,1.9,0,0,0,"it=Aragosta:Senza categoria;en=Lobster:Uncategorized"
37,80,34,0.7,7.8,0.2,0,0,0,"it=Arance:Senza categoria;en=Oranges:Uncategorized"
38,100,97,1.5,14.4,0.2,0,0,0,"it=Arance - Scorza:Senza categoria;en=Orange - Zest:Uncategorized"
39,100,38,0.1,10,0,0,0,0,"it=Aranciata In Lattina:Senza categoria;en=Canned Orange Soda:Uncategorized"
40,50,190,17.8,0,13.2,0,0,0,"it=Aringa:Senza categoria;en=Herring:Uncategorized"
41,70,194,19.9,0,12.7,0,0,0,"it=Aringa Affumicata:Senza categoria;en=Smoked Herring:Uncategorized"
42,95,199,18.3,0,14,0,0,0,"it=Aringa Marinata:Senza categoria;en=Marinated Herring:Uncategorized"
43,73,218,19.8,0,15.4,0,0,0,"it=Aringa Salata:Senza categoria;en=Salted Herring:Uncategorized"
44,100,356,31.4,2,25.6,0,0,0,"it=Asiago:Senza categoria;en=Asiago Cheese:Uncategorized"
45,57,35,4.6,4,0.2,0,0,0,"it=Asparagi Di Bosco:Senza categoria;en=Wild Asparagus:Uncategorized"
46,87,29,3.6,3.3,0.2,0,0,0,"it=Asparagi Di Campo:Senza categoria;en=Field Asparagus:Uncategorized"
47,52,24,3,3,0.1,0,0,0,"it=Asparagi Di Serra:Senza categoria;en=Greenhouse Asparagus:Uncategorized"
48,100,19,2.1,0.9,0.7,0,0,0,"it=Asparagi In Scatola:Senza categoria;en=Canned Asparagus:Uncategorized"
49,36,90,18.8,0.5,0.9,0,0,0,"it=Astice:Senza categoria;en=Lobster:Uncategorized"
50,100,389,16.9,55.7,6.9,0,0,0,"it=Avena:Senza categoria;en=Oats:Uncategorized"
51,76,231,4.4,1.8,23,0,0,0,"it=Avocado:Senza categoria;en=Avocado:Uncategorized"
52,100,252,5.9,41.4,5.7,0,0,0,"it=Baba' Al Rhum:Senza categoria;en=Rum Baba:Uncategorized"
53,100,21,0.7,4.5,0.1,0,0,0,"it=Babaco:Senza categoria;en=Babaco:Uncategorized"
54,82,95,21.6,0,1,0,0,0,"it=Baccala' - Ammollato:Senza categoria;en=Soaked Cod:Uncategorized"
55,75,122,29,0,0.7,0,0,0,"it=Baccala' - Secco:Senza categoria;en=Dried Cod:Uncategorized"
56,65,66,1.2,15.5,0.3,0,0,0,"it=Banana:Senza categoria;en=Banana:Uncategorized"
57,82,20,1.1,4,0,0,0,0,"it=Barbabietole Rosse:Senza categoria;en=Red Beets:Uncategorized"
58,100,40,3.1,5.1,0.8,0,0,0,"it=Basilico - Fresco:Senza categoria;en=Basil - Fresh:Uncategorized"
59,100,251,14.4,43.2,4,0,0,0,"it=Basilico - Secco:Senza categoria;en=Basil - Dried:Uncategorized"
60,100,175,12,16,7,0,0,0,"it=Bastoncini Findus:Senza categoria;en=Findus Fish Sticks:Uncategorized"
61,100,17,2,4.3,0,0,0,0,"it=Bevande Gassate Dietetiche:Senza categoria;en=Diet Carbonated Drinks:Uncategorized"
62,82,17,1.3,2.8,0.1,0,0,0,"it=Bieta:Senza categoria;en=Chard:Uncategorized"
63,100,31,0.9,5.5,0.1,0,0,0,"it=Bieta In Scatola:Senza categoria;en=Canned Chard:Uncategorized"
64,100,318,4.6,43,15.4,0,0,0,"it=Bigne':Senza categoria;en=Cream Puff:Uncategorized"
65,100,34,0.2,3.5,0,0,0,0,"it=Birra Chiara:Senza categoria;en=Lager Beer:Uncategorized"
66,100,30,0.3,3,2,0,0,0,"it=Birra Scura:Senza categoria;en=Dark Beer:Uncategorized"
67,100,417,13.8,76.1,8.5,0,0,0,"it=Biscotti Al Latte:Senza categoria;en=Milk Biscuits:Uncategorized"
68,100,493,7.4,68.5,21,0,0,0,"it=Biscotti Frollini:Senza categoria;en=Shortbread Biscuits:Uncategorized"
69,100,448,8.5,59.5,19.5,0,0,0,"it=Biscotti Integrali:Senza categoria;en=Whole Wheat Biscuits:Uncategorized"
70,100,417,13.8,76.1,8.5,0,0,0,"it=Biscotti Per L'infanzia:Senza categoria;en=Baby Biscuits:Uncategorized"
71,100,415,6,84.7,8.2,0,0,0,"it=Biscotti 'petit Beurre':Senza categoria;en='petit Beurre' Biscuits:Uncategorized"
72,100,524,5.7,67.4,27.6,0,0,0,"it=Biscotti Ricoperti Al Cioccolato:Senza categoria;en=Chocolate Covered Biscuits:Uncategorized"
73,100,392,11.9,69.8,9.2,0,0,0,"it=Biscotti Savoiardo:Senza categoria;en=Ladyfinger Biscuits:Uncategorized"
74,100,454,7.1,77.6,15,0,0,0,"it=Biscotti Wafers:Senza categoria;en=Wafers Biscuits:Uncategorized"
75,100,418,6.6,85.4,7.9,0,0,0,"it=Biscotto Prima Colazione:Senza categoria;en=Breakfast Biscuit:Uncategorized"
76,100,157,9.8,0.8,12.7,0,0,0,"it=Bovino - Cervello:Senza categoria;en=Beef - Brain:Uncategorized"
77,100,123,16.8,0.5,6,0,0,0,"it=Bovino - Cuore:Senza categoria;en=Beef - Heart:Uncategorized"
78,100,146,21,5.9,4.4,0,0,0,"it=Bovino - Fegato:Senza categoria;en=Beef - Liver:Uncategorized"
79,100,87,13.9,0,3.5,0,0,0,"it=Bovino - In Gelatina:Senza categoria;en=Beef - In Gelatin:Uncategorized"
80,100,231,17.1,0.4,18,0,0,0,"it=Bovino - Lingua:Senza categoria;en=Beef - Tongue:Uncategorized"
81,100,260,22.5,0.2,18.8,0,0,0,"it=Bovino - Lingua Salmistrata:Senza categoria;en=Cured Beef - Tongue:Uncategorized"
82,100,822,3.2,0,89.9,0,0,0,"it=Bovino - Midollo Osseo:Senza categoria;en=Beef - Bone Marrow:Uncategorized"
83,100,107,18.5,0,3.7,0,0,0,"it=Bovino - Milza:Senza categoria;en=Beef - Spleen:Uncategorized"
84,100,75,14,0,2.1,0,0,0,"it=Bovino - Polmone:Senza categoria;en=Beef - Lung:Uncategorized"
85,100,118,18.4,0.8,4.6,0,0,0,"it=Bovino - Rene:Senza categoria;en=Beef - Kidney:Uncategorized"
86,100,75,17.8,0.8,0.1,0,0,0,"it=Bovino - Sangue:Senza categoria;en=Beef - Blood:Uncategorized"
87,100,108,15.8,0,5,0,0,0,"it=Bovino - Trippa:Senza categoria;en=Beef - Tripe:Uncategorized"
88,100,224,2,2,0,0,0,0,"it=Brandy:Senza categoria;en=Brandy:Uncategorized"
89,100,175,34,0,4.3,0,0,0,"it=Bresaola:Senza categoria;en=Bresaola:Uncategorized"
90,100,319,19.3,2,26.9,0,0,0,"it=Brie:Senza categoria;en=Brie:Uncategorized"
91,100,413,7.2,58.4,18.3,0,0,0,"it=Brioches:Senza categoria;en=Brioches:Uncategorized"
92,100,391,6.9,55.6,17.1,0,0,0,"it=Brioches Con Crema:Senza categoria;en=Cream Filled Brioches:Uncategorized"
93,100,394,6.5,58.4,16.5,0,0,0,"it=Brioches Con Marmellata:Senza categoria;en=Jam Filled Brioches:Uncategorized"
94,60,22,2.9,2,0.3,0,0,0,"it=Broccoletti Di Rape:Senza categoria;en=Turnip Greens:Uncategorized"
95,51,27,3,3.1,0.4,0,0,0,"it=Broccolo A Testa:Senza categoria;en=Broccoli Head:Uncategorized"
96,100,5,0.7,0.1,0.2,0,0,0,"it=Brodo Di Carne E Verdura:Senza categoria;en=Meat And Vegetable Broth:Uncategorized"
97,100,7,1.1,2,0.2,0,0,0,"it=Brodo Di Carne Varia:Senza categoria;en=Mixed Meat Broth:Uncategorized"
98,100,3,0.3,0.1,0.4,0,0,0,"it=Brodo Di Dado:Senza categoria;en=Bouillon Cube Broth:Uncategorized"
99,100,9,0.6,0.6,0.5,0,0,0,"it=Brodo Di Gallina:Senza categoria;en=Chicken Broth:Uncategorized"
100,100,5,0.3,0.3,0.4,0,0,0,"it=Brodo Vegetale:Senza categoria;en=Vegetable Broth:Uncategorized"
101,100,313,0.2,82.7,0.2,0,0,0,"it=Buccia D'arancia Candita:Senza categoria;en=Candied Orange Peel:Uncategorized"
102,100,133,2.7,21.8,4,0,0,0,"it=Budino Al Cioccolato:Senza categoria;en=Chocolate Pudding:Uncategorized"
103,100,130,2.3,21.8,3.6,0,0,0,"it=Budino Alla Vaniglia:Senza categoria;en=Vanilla Pudding:Uncategorized"
104,100,396,15.2,5.7,34.9,0,0,0,"it=Burrata:Senza categoria;en=Burrata:Uncategorized"
105,100,517,22.1,1.6,47,0,0,0,"it=Burrini:Senza categoria;en=Burrini:Uncategorized"
106,100,758,0.8,1.1,83.4,0,0,0,"it=Burro:Senza categoria;en=Butter:Uncategorized"
107,100,623,22.6,13.1,53.7,0,0,0,"it=Burro Di Arachidi:Senza categoria;en=Peanut Butter:Uncategorized"
108,100,355,20.4,11.5,25.6,0,0,0,"it=Cacao Amaro - In Polvere:Senza categoria;en=Unsweetened Cocoa - Powder:Uncategorized"
109,100,349,4.5,67.7,8.6,0,0,0,"it=Cacao Dolce - In Polvere:Senza categoria;en=Sweetened Cocoa - Powder:Uncategorized"
110,100,439,37.7,2.1,31.1,0,0,0,"it=Caciocavallo:Senza categoria;en=Caciocavallo Cheese:Uncategorized"
111,100,439,37.7,2.1,31.1,0,0,0,"it=Caciocavallo Affumicato:Senza categoria;en=Smoked Caciocavallo Cheese:Uncategorized"
112,100,364,27.7,2.1,27.3,0,0,0,"it=Caciotta Affumicata:Senza categoria;en=Smoked Caciotta Cheese:Uncategorized"
113,100,364,27.7,2.1,27.3,0,0,0,"it=Caciotta Romana Di Pecora:Senza categoria;en=Roman Sheep's Milk Caciotta Cheese:Uncategorized"
114,100,373,24.6,2.1,29.6,0,0,0,"it=Caciotta Toscana:Senza categoria;en=Tuscan Caciotta Cheese:Uncategorized"
115,100,261,17.3,2,21.3,0,0,0,"it=Caciottina Fresca:Senza categoria;en=Fresh Caciottina Cheese:Uncategorized"
116,100,2,0.1,0.4,0,0,0,0,"it=Caffe' All'americana:Senza categoria;en=American Coffee:Uncategorized"
117,100,4,0.4,0.6,2,0,0,0,"it=Caffe' Bar:Senza categoria;en=Espresso:Uncategorized"
118,100,190,11.2,6.7,13.1,0,0,0,"it=Caffe' Crudo - In Grani:Senza categoria;en=Raw Coffee - Beans:Uncategorized"
119,100,4,0.4,0.6,2,0,0,0,"it=Caffe' Decaffeinato:Senza categoria;en=Decaffeinated Coffee:Uncategorized"
120,100,287,10.4,28.5,15.4,0,0,0,"it=Caffe' Decaffeinato - Macinato:Senza categoria;en=Decaffeinated Coffee - Ground:Uncategorized"
121,100,4,0.4,0.6,2,0,0,0,"it=Caffe' Moka:Senza categoria;en=Moka Coffee:Uncategorized"
122,100,224,13.9,42.6,0.2,0,0,0,"it=Caffe' Solubile - Decaffeinato - In Polvere:Senza categoria;en=Instant Coffee - Decaffeinated - Powder:Uncategorized"
123,100,2,0,2,2,0,0,0,"it=Caffe' Solubile - Decaffeinato - In Tazza:Senza categoria;en=Instant Coffee - Decaffeinated - Cup:Uncategorized"
124,100,223,20.4,41.1,2,0,0,0,"it=Caffe' Solubile - In Polvere:Senza categoria;en=Instant Coffee - Powder:Uncategorized"
125,100,2,0,2,2,0,0,0,"it=Caffe' Solubile - In Tazza:Senza categoria;en=Instant Coffee - Cup:Uncategorized"
126,100,287,10.4,28.5,15.4,0,0,0,"it=Caffe' Tostato - Macinato:Senza categoria;en=Roasted Coffee - Ground:Uncategorized"
127,65,68,12.6,0.6,1.7,0,0,0,"it=Calamaro:Senza categoria;en=Squid:Uncategorized"
128,100,70,13.5,1,1.4,0,0,0,"it=Calamaro Surgelato:Senza categoria;en=Frozen Squid:Uncategorized"
129,100,297,20.9,2,23.7,0,0,0,"it=Camembert:Senza categoria;en=Camembert:Uncategorized"
130,100,283,0.5,75,0,0,0,0,"it=Canditi:Senza categoria;en=Candied Fruit:Uncategorized"
131,100,252,3.9,55.5,3.2,0,0,0,"it=Cannella:Senza categoria;en=Cinnamon:Uncategorized"
132,100,369,6.2,42.2,20.7,0,0,0,"it=Cannoli Alla Crema:Senza categoria;en=Cream Filled Cannoli:Uncategorized"
133,100,450,20.8,1.4,40.2,0,0,0,"it=Capocollo:Senza categoria;en=Capocollo:Uncategorized"
134,100,20,2.6,2.1,0.1,0,0,0,"it=Capperi Sott'aceto:Senza categoria;en=Capers In Vinegar:Uncategorized"
135,75,122,19.2,0,5,0,0,0,"it=Capretto:Senza categoria;en=Goat:Uncategorized"
136,100,103,22.2,0,1.6,0,0,0,"it=Capriolo - Coscia:Senza categoria;en=Venison - Leg:Uncategorized"
137,30,122,22.4,0.6,3.6,0,0,0,"it=Capriolo - Schiena:Senza categoria;en=Venison - Back:Uncategorized"
138,100,327,2.8,84.2,0,0,0,0,"it=Caramelle Alla Frutta:Senza categoria;en=Fruit Candies:Uncategorized"
139,100,393,0.5,102.7,0.7,0,0,0,"it=Caramelle Alla Menta:Senza categoria;en=Mint Candies:Uncategorized"
140,100,343,2,91.6,2,0,0,0,"it=Caramelle Dure:Senza categoria;en=Hard Candies:Uncategorized"
141,100,430,2.1,71.1,17.2,0,0,0,"it=Caramelle Morbide - Mou:Senza categoria;en=Soft Candies - Toffee:Uncategorized"
142,34,22,2.7,2.5,0.2,0,0,0,"it=Carciofi:Senza categoria;en=Artichokes:Uncategorized"
143,100,38,2.6,3.9,0.4,0,0,0,"it=Carciofi Surgelati:Senza categoria;en=Frozen Artichokes:Uncategorized"
144,100,18,2.9,2.7,0.2,0,0,0,"it=Carciofini Sott'aceto:Senza categoria;en=Artichokes In Vinegar:Uncategorized"
145,100,68,1.8,2.6,5.7,0,0,0,"it=Carciofini Sott'olio:Senza categoria;en=Artichokes In Oil:Uncategorized"
146,70,10,0.6,1.7,0.1,0,0,0,"it=Cardi:Senza categoria;en=Cardoons:Uncategorized"
147,95,33,1.1,7.6,0,0,0,0,"it=Carote:Senza categoria;en=Carrots:Uncategorized"
148,50,140,18.9,0,7.1,0,0,0,"it=Carpa:Senza categoria;en=Carp:Uncategorized"
149,69,189,3.5,42.4,1.8,0,0,0,"it=Castagne:Senza categoria;en=Chestnuts:Uncategorized"
150,100,349,4.7,80.9,3,0,0,0,"it=Castagne - Secche:Senza categoria;en=Dried Chestnuts:Uncategorized"
151,100,227,16.8,0,17.8,0,0,0,"it=Castrato - Semigrassa:Senza categoria;en=Castrated - Medium Fat:Uncategorized"
152,65,332,16.5,0,29.5,0,0,0,"it=Castrato - Grassa:Senza categoria;en=Castrated - Fat:Uncategorized"
153,65,122,17,0,6,0,0,0,"it=Castrato - Magra:Senza categoria;en=Castrated - Lean:Uncategorized"
154,100,113,21.7,0.5,2.7,0,0,0,"it=Cavallo:Senza categoria;en=Horse:Uncategorized"
155,100,146,18.7,0.6,7.7,0,0,0,"it=Cavallo - Cuore:Senza categoria;en=Horse - Heart:Uncategorized"
156,100,145,22.4,5.3,4,0,0,0,"it=Cavallo - Fegato:Senza categoria;en=Horse - Liver:Uncategorized"
157,100,252,18.9,1.9,18.8,0,0,0,"it=Caviale:Senza categoria;en=Caviar:Uncategorized"
158,66,25,3.2,2.7,0.2,0,0,0,"it=Cavolfiore:Senza categoria;en=Cauliflower:Uncategorized"
159,76,37,4.2,4.3,0.5,0,0,0,"it=Cavoli Di Bruxelles:Senza categoria;en=Brussels Sprouts:Uncategorized"
160,72,24,3.4,2,0.3,0,0,0,"it=Cavolo Broccolo Verde:Senza categoria;en=Green Broccoli:Uncategorized"
161,94,20,1.9,2.7,0.2,0,0,0,"it=Cavolo Cappuccio Rosso:Senza categoria;en=Red Cabbage:Uncategorized"
162,93,19,2.1,2.5,0.1,0,0,0,"it=Cavolo Cappuccio Verde:Senza categoria;en=Green Cabbage:Uncategorized"
163,100,334,21.8,54.3,4.9,0,0,0,"it=Ceci - Secchi:Senza categoria;en=Chickpeas - Dried:Uncategorized"
164,100,56,4.3,7.2,1.4,0,0,0,"it=Ceci In Scatola:Senza categoria;en=Canned Chickpeas:Uncategorized"
165,100,187,0.1,49.4,0.2,0,0,0,"it=Cedro Candito:Senza categoria;en=Candied Citron:Uncategorized"
166,55,127,15.8,0.7,6.8,0,0,0,"it=Cefalo Muggine:Senza categoria;en=Mullet:Uncategorized"
167,100,342,10.7,74.9,2,0,0,0,"it=Cereali Aggregati:Senza categoria;en=Mixed Cereals:Uncategorized"
168,100,354,10,65,6,0,0,0,"it=Cereali All Brain Fiocchi Cioccolato:Senza categoria;en=All Bran Chocolate Flakes Cereal:Uncategorized"
169,100,363,8,79.8,1.3,0,0,0,"it=Cereali Fitness:Senza categoria;en=Fitness Cereal:Uncategorized"
170,41,80,17.9,0.6,0.7,0,0,0,"it=Cernia:Senza categoria;en=Grouper:Uncategorized"
171,69,125,15.6,0.6,6.7,0,0,0,"it=Cernia Di Fondo:Senza categoria;en=Bottom Grouper:Uncategorized"
172,68,88,17,0.6,2,0,0,0,"it=Cernia Surgelata:Senza categoria;en=Frozen Grouper:Uncategorized"
173,100,268,17.5,2,22,0,0,0,"it=Certosino:Senza categoria;en=Certosino Cheese:Uncategorized"
174,77,14,0.7,1.8,0.5,0,0,0,"it=Cetrioli:Senza categoria;en=Cucumbers:Uncategorized"
175,67,14,0.9,2.6,0.1,0,0,0,"it=Cetrioli In Salamoia:Senza categoria;en=Cucumbers In Brine:Uncategorized"
176,67,14,0.9,2.6,0.1,0,0,0,"it=Cetriolini Sott'aceto:Senza categoria;en=Pickles In Vinegar:Uncategorized"
177,100,76,0.3,1.4,0,0,0,0,"it=Champagne:Senza categoria;en=Champagne:Uncategorized"
178,100,381,25,0.5,31,0,0,0,"it=Cheddar:Senza categoria;en=Cheddar:Uncategorized"
179,100,255,2,32.6,0,0,0,0,"it=Cherry Brandy:Senza categoria;en=Cherry Brandy:Uncategorized"
180,100,523,40.8,0,40,0,0,0,"it=Ciccioli:Senza categoria;en=Pork Rinds:Uncategorized"
181,80,10,1.4,0.7,0.2,0,0,0,"it=Cicoria:Senza categoria;en=Chicory:Uncategorized"
182,80,24,1.8,3.2,0.5,0,0,0,"it=Cicoria Catalogna:Senza categoria;en=Catalonia Chicory:Uncategorized"
183,89,12,1.2,1.7,0.1,0,0,0,"it=Cicoria Da Taglio:Senza categoria;en=Cutting Chicory:Uncategorized"
184,100,17,0.7,3.2,0.3,0,0,0,"it=Cicoria Witloof:Senza categoria;en=Witloof Chicory:Uncategorized"
185,86,38,0.8,9,0.1,0,0,0,"it=Ciliege:Senza categoria;en=Cherries:Uncategorized"
186,100,565,8.9,50.8,37.6,0,0,0,"it=Cioccolato Al Latte:Senza categoria;en=Milk Chocolate:Uncategorized"
187,100,529,8,58.3,30.9,0,0,0,"it=Cioccolato Bianco:Senza categoria;en=White Chocolate:Uncategorized"
188,100,571,9.3,45.9,40.1,0,0,0,"it=Cioccolato Con Nocciole:Senza categoria;en=Chocolate With Hazelnuts:Uncategorized"
189,100,542,5.8,56.7,34,0,0,0,"it=Cioccolato Fondente:Senza categoria;en=Dark Chocolate:Uncategorized"
190,100,509,13.1,52.7,28.8,0,0,0,"it=Cioccolato Gianduia:Senza categoria;en=Gianduia Chocolate:Uncategorized"
191,83,26,1,5.7,0.1,0,0,0,"it=Cipolle:Senza categoria;en=Onions:Uncategorized"
192,100,313,10.2,68.6,1.7,0,0,0,"it=Cipolle - Secche:Senza categoria;en=Onions - Dried:Uncategorized"
193,93,38,1.3,8.5,0.1,0,0,0,"it=Cipolline:Senza categoria;en=Spring Onions:Uncategorized"
194,100,24,0.9,4.9,0.2,0,0,0,"it=Cipolline Sott'aceto:Senza categoria;en=Onions In Vinegar:Uncategorized"
195,100,39,2,10.5,0,0,0,0,"it=Coca Cola:Senza categoria;en=Coca Cola:Uncategorized"
196,52,15,0.4,3.7,0,0,0,0,"it=Cocomero:Senza categoria;en=Watermelon:Uncategorized"
197,100,214,2,0.9,0,0,0,0,"it=Cognac:Senza categoria;en=Cognac:Uncategorized"
198,100,441,5.2,71.9,16.7,0,0,0,"it=Confetti:Senza categoria;en=Sugar Coated Almonds:Uncategorized"
199,68,138,22.1,0.5,5.3,0,0,0,"it=Coniglio - Semigrassa:Senza categoria;en=Rabbit - Medium Fat:Uncategorized"
200,68,203,18.1,0.4,14.4,0,0,0,"it=Coniglio - Grassa:Senza categoria;en=Rabbit - Fat:Uncategorized"
201,68,102,23.7,0.6,0.6,0,0,0,"it=Coniglio - Magra:Senza categoria;en=Rabbit - Lean:Uncategorized"
202,100,147,18.7,0.4,7.9,0,0,0,"it=Coniglio - Frattaglie:Senza categoria;en=Rabbit - Offal:Uncategorized"
203,100,366,10.1,78.8,3.3,0,0,0,"it=Cono Per Gelato:Senza categoria;en=Ice Cream Cone:Uncategorized"
204,100,494,17,0,47.3,0,0,0,"it=Coppa:Senza categoria;en=Coppa:Uncategorized"
205,100,398,23.6,0.6,33.5,0,0,0,"it=Coppa Parma:Senza categoria;en=Coppa Di Parma:Uncategorized"
206,100,219,23.2,0,14,0,0,0,"it=Corned Beef In Scatola:Senza categoria;en=Canned Corned Beef:Uncategorized"
207,100,450,17.2,0,42.3,0,0,0,"it=Cotechino:Senza categoria;en=Cotechino:Uncategorized"
208,100,306,21.1,0,24.7,0,0,0,"it=Cotechino - Cotto:Senza categoria;en=Cotechino - Cooked:Uncategorized"
209,32,84,11.7,3.4,2.7,0,0,0,"it=Cozza:Senza categoria;en=Mussel:Uncategorized"
210,100,502,9.8,62.1,25.5,0,0,0,"it=Crackers Al Formaggio:Senza categoria;en=Cheese Crackers:Uncategorized"
211,100,443,8.8,58.1,17.2,0,0,0,"it=Crackers Integrali:Senza categoria;en=Whole Wheat Crackers:Uncategorized"
212,100,440,9.5,68.3,16.3,0,0,0,"it=Crackers Non Salati:Senza categoria;en=Unsalted Crackers:Uncategorized"
213,100,428,9.4,80.1,10,0,0,0,"it=Crackers Salati:Senza categoria;en=Salted Crackers:Uncategorized"
214,100,393,10.5,79.6,1.6,0,0,0,"it=Crackers Senza Grassi:Senza categoria;en=Fat-free Crackers:Uncategorized"
215,100,348,10.5,78.8,1.2,0,0,0,"it=Cracotte:Senza categoria;en=Cracotte:Uncategorized"
216,100,24,1.5,4,0.3,0,0,0,"it=Crauti:Senza categoria;en=Sauerkraut:Uncategorized"
217,100,537,6.9,58.1,32.4,0,0,0,"it=Crema Di Cacao E Nocciole:Senza categoria;en=Cocoa And Hazelnut Cream:Uncategorized"
218,100,192,4.8,30.7,6.4,0,0,0,"it=Crema Per Pasticceria:Senza categoria;en=Pastry Cream:Uncategorized"
219,100,109,3,20.6,2.2,0,0,0,"it=Creme Caramel:Senza categoria;en=Creme Caramel:Uncategorized"
220,62,22,3,0.4,1,0,0,0,"it=Crescione:Senza categoria;en=Watercress:Uncategorized"
221,100,339,4.9,65.5,8.2,0,0,0,"it=Crostata Con Marmellata:Senza categoria;en=Jam Tart:Uncategorized"
222,100,206,14.1,26.8,5.5,0,0,0,"it=Crusca Di Grano:Senza categoria;en=Wheat Bran:Uncategorized"
223,100,375,17.8,33.7,22.3,0,0,0,"it=Cumino - Semi:Senza categoria;en=Cumin - Seeds:Uncategorized"
224,100,152,15.7,5,18.7,0,0,0,"it=Dadi Per Brodo:Senza categoria;en=Broth Cubes:Uncategorized"
225,100,253,13.5,11.6,17.3,0,0,0,"it=Dadi Per Brodo Vegetale:Senza categoria;en=Vegetable Broth Cubes:Uncategorized"
226,87,15,0.8,2.9,0.1,0,0,0,"it=Daikon:Senza categoria;en=Daikon:Uncategorized"
227,100,124,1.5,31.3,0.1,0,0,0,"it=Datteri - Freschi:Senza categoria;en=Dates - Fresh:Uncategorized"
228,90,253,2.7,63.1,0.6,0,0,0,"it=Datteri - Secchi:Senza categoria;en=Dates - Dried:Uncategorized"
229,65,101,16.7,0.7,3.5,0,0,0,"it=Dentice:Senza categoria;en=Dentex:Uncategorized"
230,65,103,17.2,0.7,3.5,0,0,0,"it=Dentice Surgelato:Senza categoria;en=Frozen Dentex:Uncategorized"
231,100,266,19.1,2.5,20,0,0,0,"it=Dolce Verde:Senza categoria;en=Sweet Green:Uncategorized"
232,100,397,0,98.6,0,0,0,0,"it=Dolcificante A Base Di Saccarina:Senza categoria;en=Saccharin-based Sweetener:Uncategorized"
233,100,400,0,97.5,0,0,0,0,"it=Dolcificante Aspartame:Senza categoria;en=Aspartame Sweetener:Uncategorized"
234,100,400,0,99.5,0,0,0,0,"it=Dolcificante Fruttosio:Senza categoria;en=Fructose Sweetener:Uncategorized"
235,100,0,0,0,0,0,0,0,"it=Dolcificante Saccarina:Senza categoria;en=Saccharin Sweetener:Uncategorized"
236,100,345,29,1,25,0,0,0,"it=Edam Stagionato:Senza categoria;en=Aged Edam:Uncategorized"
237,100,306,26,1,22,0,0,0,"it=Edam - Fresco:Senza categoria;en=Fresh Edam:Uncategorized"
238,100,403,28.5,3.6,30.6,0,0,0,"it=Emmenthal:Senza categoria;en=Emmenthal:Uncategorized"
239,100,23,2.8,1.7,0.6,0,0,0,"it=Erba Cipollina:Senza categoria;en=Chives:Uncategorized"
240,100,219,54,0,0.4,0,0,0,"it=Estratto Di Carne Bovina:Senza categoria;en=Beef Extract:Uncategorized"
241,85,144,24.3,0,5.2,0,0,0,"it=Fagiano:Senza categoria;en=Pheasant:Uncategorized"
242,41,104,6.4,19.4,0.6,0,0,0,"it=Fagioli:Senza categoria;en=Beans:Uncategorized"
243,100,272,19.9,50.1,0.5,0,0,0,"it=Fagioli Aduki - Secchi:Senza categoria;en=Aduki Beans - Dried:Uncategorized"
244,100,43,4.1,6.3,0.5,0,0,0,"it=Fagioli In Scatola:Senza categoria;en=Canned Beans:Uncategorized"
245,100,279,23.9,46.3,1.1,0,0,0,"it=Fagioli Mung - Secchi:Senza categoria;en=Mung Beans - Dried:Uncategorized"
246,100,311,23.6,51.7,2.5,0,0,0,"it=Fagioli - Secchi:Senza categoria;en=Beans - Dried:Uncategorized"
247,95,17,2.1,2.4,0.1,0,0,0,"it=Fagiolini:Senza categoria;en=Green Beans:Uncategorized"
248,54,22,1.5,4.1,0.1,0,0,0,"it=Fagiolini In Scatola:Senza categoria;en=Canned Green Beans:Uncategorized"
249,68,158,23.4,0,6.5,0,0,0,"it=Faraona:Senza categoria;en=Guinea Fowl:Uncategorized"
250,85,114,24.3,0.2,1.8,0,0,0,"it=Faraona - Coscia:Senza categoria;en=Guinea Fowl - Leg:Uncategorized"
251,85,107,25.1,0,0.7,0,0,0,"it=Faraona - Petto:Senza categoria;en=Guinea Fowl - Breast:Uncategorized"
252,100,388,12.6,72.9,7.1,0,0,0,"it=Farina Di Avena:Senza categoria;en=Oat Flour:Uncategorized"
253,100,323,5.8,71.6,3.7,0,0,0,"it=Farina Di Castagne:Senza categoria;en=Chestnut Flour:Uncategorized"
254,100,334,21.8,54.3,4.9,0,0,0,"it=Farina Di Ceci:Senza categoria;en=Chickpea Flour:Uncategorized"
255,100,604,5.6,6.4,62,0,0,0,"it=Farina Di Cocco:Senza categoria;en=Coconut Flour:Uncategorized"
256,100,321,11.9,68.4,1.9,0,0,0,"it=Farina Di Frumento - Integrale:Senza categoria;en=Whole Wheat Flour:Uncategorized"
257,100,343,11.5,76.9,1,0,0,0,"it=Farina Di Frumento:Senza categoria;en=Wheat Flour:Uncategorized"
258,100,304,12.6,61.1,2.8,0,0,0,"it=Farina Di Grano Duro:Senza categoria;en=Durum Wheat Flour:Uncategorized"
259,100,364,8.1,84.9,1.5,0,0,0,"it=Farina Di Grano Saraceno:Senza categoria;en=Buckwheat Flour:Uncategorized"
260,100,365,8.7,81.5,2.7,0,0,0,"it=Farina Di Mais:Senza categoria;en=Corn Flour:Uncategorized"
261,100,360,10.6,80,1.9,0,0,0,"it=Farina Di Orzo:Senza categoria;en=Barley Flour:Uncategorized"
262,100,363,7.3,87.8,0.5,0,0,0,"it=Farina Di Riso:Senza categoria;en=Rice Flour:Uncategorized"
263,100,335,8.2,75.9,2,0,0,0,"it=Farina Di Segale - Integrale:Senza categoria;en=Rye Flour - Whole:Uncategorized"
264,100,316,8.3,67.8,1.3,0,0,0,"it=Farina Di Segale - Semiintegrale:Senza categoria;en=Rye Flour - Semi-whole:Uncategorized"
265,100,352,45.3,28.2,7.2,0,0,0,"it=Farina Di Soia - A Basso Contenuto Lipidico:Senza categoria;en=Soy Flour - Low Fat:Uncategorized"
266,100,447,36.8,23.5,23.5,0,0,0,"it=Farina Di Soia - Intera:Senza categoria;en=Soy Flour - Whole:Uncategorized"
267,100,415,13.2,81.5,6.3,0,0,0,"it=Farina Lattea:Senza categoria;en=Milk Flour:Uncategorized"
268,30,37,5.4,4.2,0.2,0,0,0,"it=Fave:Senza categoria;en=Broad Beans:Uncategorized"
269,100,342,27.2,55.3,3,0,0,0,"it=Fave Secche:Senza categoria;en=Dried Broad Beans:Uncategorized"
270,100,250,15.6,1.5,20.2,0,0,0,"it=Feta:Senza categoria;en=Feta:Uncategorized"
271,100,410,11.3,83,6,0,0,0,"it=Fette Biscottate:Senza categoria;en=Rusks:Uncategorized"
272,100,404,10.5,81.6,6.2,0,0,0,"it=Fette Biscottate - Dolci:Senza categoria;en=Sweet Rusks:Uncategorized"
273,100,365,11.2,74.1,5.2,0,0,0,"it=Fette Biscottate - Integrali:Senza categoria;en=Whole Wheat Rusks:Uncategorized"
274,100,410,11.3,83,6,0,0,0,"it=Fette Biscottate - Vitaminizzate:Senza categoria;en=Vitamin-enriched Rusks:Uncategorized"
275,100,366,7.9,65.7,1.3,0,0,0,"it=Fette Di Segale Integrali:Senza categoria;en=Whole Wheat Rye Slices:Uncategorized"
276,75,47,0.9,11.2,0.2,0,0,0,"it=Fichi:Senza categoria;en=Figs:Uncategorized"
277,64,53,0.8,13,0.1,0,0,0,"it=Fichi D'india:Senza categoria;en=Prickly Pears:Uncategorized"
278,100,277,5.2,58.2,4.2,0,0,0,"it=Fichi Seccati Al Forno E Mandorlati:Senza categoria;en=Baked And Almond Figs:Uncategorized"
279,100,232,3.6,52.9,2.1,0,0,0,"it=Fichi Seccati Al Sole:Senza categoria;en=Sun-dried Figs:Uncategorized"
280,100,242,3.5,58,2.7,0,0,0,"it=Fichi Secchi:Senza categoria;en=Dried Figs:Uncategorized"
281,59,9,1.2,1,0,0,0,0,"it=Finocchio:Senza categoria;en=Fennel:Uncategorized"
282,100,345,15.8,12.5,14.9,0,0,0,"it=Finocchio - Semi:Senza categoria;en=Fennel - Seeds:Uncategorized"
283,100,395,8,73.5,7.5,0,0,0,"it=Fiocchi Di Avena:Senza categoria;en=Oat Flakes:Uncategorized"
284,100,319,10.2,69.7,1.9,0,0,0,"it=Fiocchi Di Crusca Di Grano:Senza categoria;en=Wheat Bran Flakes:Uncategorized"
285,100,102,11.7,2.6,5.3,0,0,0,"it=Fiocchi Di Latte Magro:Senza categoria;en=Low-fat Cottage Cheese:Uncategorized"
286,100,364,6.6,88.1,0.8,0,0,0,"it=Fiocchi Di Mais (cornflakes):Senza categoria;en=Cornflakes:Uncategorized"
287,100,346,6.6,77.5,1.2,0,0,0,"it=Fiocchi Di Riso:Senza categoria;en=Rice Flakes:Uncategorized"
288,100,360,10.6,80,1.9,0,0,0,"it=Fiocchi D'orzo:Senza categoria;en=Barley Flakes:Uncategorized"
289,100,265,20.6,2,20.3,0,0,0,"it=Fior Di Latte:Senza categoria;en=Fior Di Latte Cheese:Uncategorized"
290,79,12,1.7,0.5,0.4,0,0,0,"it=Fiori Di Zucca:Senza categoria;en=Zucchini Flowers:Uncategorized"
291,100,292,8.4,40.7,11.8,0,0,0,"it=Focaccia:Senza categoria;en=Focaccia:Uncategorized"
292,63,22,2.6,2.8,0.1,0,0,0,"it=Foglie Di Rapa:Senza categoria;en=Turnip Greens:Uncategorized"
293,100,343,24.5,0.8,26.9,0,0,0,"it=Fontina:Senza categoria;en=Fontina Cheese:Uncategorized"
294,100,309,11.2,6,26.9,0,0,0,"it=Formaggino:Senza categoria;en=Cheese Spread:Uncategorized"
295,100,239,14.7,6.5,17.3,0,0,0,"it=Formaggino - A Basso Tenore Di Lipidi:Senza categoria;en=Low-fat Cheese Spread:Uncategorized"
296,100,406,13.5,0.1,39.1,0,0,0,"it=Formaggio Al Gorgonzola E Al Mascarpone:Senza categoria;en=Gorgonzola And Mascarpone Cheese:Uncategorized"
297,100,313,8.6,2,31,0,0,0,"it=Formaggio Spalmabile (tipo Philadelphia):Senza categoria;en=Cream Cheese (philadelphia Type):Uncategorized"
298,100,374,25.4,0.1,30.2,0,0,0,"it=Formaggio Tipo Bel Paese:Senza categoria;en=Bel Paese Type Cheese:Uncategorized"
299,94,27,0.9,5.3,0.4,0,0,0,"it=Fragole:Senza categoria;en=Strawberries:Uncategorized"
300,100,314,13,63,2.9,0,0,0,"it=Frumento Duro:Senza categoria;en=Durum Wheat:Uncategorized"
301,100,319,12.3,65.8,2.6,0,0,0,"it=Frumento Tenero:Senza categoria;en=Soft Wheat:Uncategorized"
302,50,15,2.1,0.1,0.7,0,0,0,"it=Funghi Chiodini:Senza categoria;en=Honey Mushrooms:Uncategorized"
303,39,11,1.6,0.2,0.5,0,0,0,"it=Funghi Gallinacci:Senza categoria;en=Chanterelle Mushrooms:Uncategorized"
304,100,93,16.5,1.8,2.2,0,0,0,"it=Funghi Gallinacci - Secchi:Senza categoria;en=Dried Chanterelle Mushrooms:Uncategorized"
305,100,27,3,3,0.4,0,0,0,"it=Funghi In Scatola:Senza categoria;en=Canned Mushrooms:Uncategorized"
306,87,18,2,1.9,0.3,0,0,0,"it=Funghi Ovuli:Senza categoria;en=Caesar's Mushrooms:Uncategorized"
307,30,24,3.1,1.6,0.6,0,0,0,"it=Funghi Porcinelli:Senza categoria;en=Porcinelli Mushrooms:Uncategorized"
308,92,27,3.9,1.4,0.7,0,0,0,"it=Funghi Porcini:Senza categoria;en=Porcini Mushrooms:Uncategorized"
309,90,20,2.3,1.9,0.4,0,0,0,"it=Funghi Prataioli:Senza categoria;en=Meadow Mushrooms:Uncategorized"
310,100,147,40.6,15.6,4.6,0,0,0,"it=Funghi Secchi:Senza categoria;en=Dried Mushrooms:Uncategorized"
311,100,296,16.3,63.9,1,0,0,0,"it=Funghi Shiitake - Secchi:Senza categoria;en=Dried Shiitake Mushrooms:Uncategorized"
312,100,48,3.3,2,3.9,0,0,0,"it=Funghi Sott'olio:Senza categoria;en=Mushrooms In Oil:Uncategorized"
313,17,17,1.7,1.9,0.3,0,0,0,"it=Funghi Spugnoli:Senza categoria;en=Morel Mushrooms:Uncategorized"
314,70,195,20.9,0.2,12.3,0,0,0,"it=Gallina:Senza categoria;en=Hen:Uncategorized"
315,100,105,17.1,0,4.1,0,0,0,"it=Gamberetti Di Lago:Senza categoria;en=Lake Shrimps:Uncategorized"
316,100,63,13.6,2,1,0,0,0,"it=Gamberetti Surgelati:Senza categoria;en=Frozen Shrimps:Uncategorized"
317,45,71,13.6,2.9,0.6,0,0,0,"it=Gambero:Senza categoria;en=Shrimp:Uncategorized"
318,100,354,88.3,0,0.1,0,0,0,"it=Gelatina Alimentare:Senza categoria;en=Food Gelatin:Uncategorized"
319,100,216,3.8,27,11,0,0,0,"it=Gelato Al Cioccolato:Senza categoria;en=Chocolate Ice Cream:Uncategorized"
320,100,179,3.5,24.7,8,0,0,0,"it=Gelato Alla Frutta:Senza categoria;en=Fruit Ice Cream:Uncategorized"
321,100,218,4.2,20.7,13.7,0,0,0,"it=Gelato Fior Di Latte:Senza categoria;en=Fior Di Latte Ice Cream:Uncategorized"
322,100,416,28,55,10,0,0,0,"it=Germe Di Grano:Senza categoria;en=Wheat Germ:Uncategorized"
323,100,24,4,0.4,0.7,0,0,0,"it=Germogli Di Erba Medica:Senza categoria;en=Alfalfa Sprouts:Uncategorized"
324,100,137,0,36.5,0,0,0,0,"it=Ghiacciolo All'arancio:Senza categoria;en=Orange Popsicle:Uncategorized"
325,100,7,0.4,0.6,0.3,0,0,0,"it=Giardiniera Sott'aceto:Senza categoria;en=Pickled Vegetables:Uncategorized"
326,100,58,2.6,1.3,4.8,0,0,0,"it=Giardiniera Sott'olio:Senza categoria;en=Vegetables In Oil:Uncategorized"
327,100,581,19.8,18.6,47.5,0,0,0,"it=Girasole - Semi:Senza categoria;en=Sunflower - Seeds:Uncategorized"
328,100,341,0,96.7,0.3,0,0,0,"it=Gomme Da Masticare:Senza categoria;en=Chewing Gum:Uncategorized"
329,100,359,19.4,0.1,31.2,0,0,0,"it=Gorgonzola:Senza categoria;en=Gorgonzola:Uncategorized"
330,100,371,19.3,0.4,32.5,0,0,0,"it=Gorgonzola Con Noci:Senza categoria;en=Gorgonzola With Walnuts:Uncategorized"
331,100,344,23,2,28,0,0,0,"it=Gouda Fresco:Senza categoria;en=Fresh Gouda:Uncategorized"
332,100,361,25,2,29,0,0,0,"it=Gouda Stagionato:Senza categoria;en=Aged Gouda:Uncategorized"
333,100,381,35.5,3.7,25,0,0,0,"it=Grana:Senza categoria;en=Grana Cheese:Uncategorized"
334,35,87,18.1,2,1.1,0,0,0,"it=Granchio:Senza categoria;en=Crab:Uncategorized"
335,100,77,18.1,2,0.5,0,0,0,"it=Granchio In Scatola:Senza categoria;en=Canned Crab:Uncategorized"
336,100,106,2,28.4,0,0,0,0,"it=Granita Di Limone:Senza categoria;en=Lemon Granita:Uncategorized"
337,100,354,9.2,82.3,1,0,0,0,"it=Granito Di Tenero:Senza categoria;en=Soft Wheat Granite:Uncategorized"
338,100,235,2,2,0,0,0,0,"it=Grappa:Senza categoria;en=Grappa:Uncategorized"
339,100,433,12.3,69,13.9,0,0,0,"it=Grissini:Senza categoria;en=Breadsticks:Uncategorized"
340,100,443,8.8,58.1,17.2,0,0,0,"it=Grissini Integrali:Senza categoria;en=Whole Wheat Breadsticks:Uncategorized"
341,100,388,30.6,1.5,29,0,0,0,"it=Groviera:Senza categoria;en=Gruyere:Uncategorized"
342,78,110,20.8,0,2.3,0,0,0,"it=Halibut:Senza categoria;en=Halibut:Uncategorized"
343,69,16,0.9,2.7,0.3,0,0,0,"it=Indivia:Senza categoria;en=Endive:Uncategorized"
344,100,187,5.9,16.1,11.5,0,0,0,"it=Insalata Di Riso:Senza categoria;en=Rice Salad:Uncategorized"
345,100,8,1.5,2,0.2,0,0,0,"it=Irish Moss:Senza categoria;en=Irish Moss:Uncategorized"
346,97,65,0.6,16,0.3,0,0,0,"it=Kaki O Loti:Senza categoria;en=Persimmons:Uncategorized"
347,87,44,1.2,9,0.6,0,0,0,"it=Kiwi:Senza categoria;en=Kiwi:Uncategorized"
348,100,43,7.1,2,1.6,0,0,0,"it=Kombu - Secca:Senza categoria;en=Kombu - Dried:Uncategorized"
349,100,34,1,6.5,0.6,0,0,0,"it=Lamponi:Senza categoria;en=Raspberries:Uncategorized"
350,100,891,2,0,99,0,0,0,"it=Lardo:Senza categoria;en=Lard:Uncategorized"
351,100,102,4.4,5.1,7.3,0,0,0,"it=Latte Di Bufala:Senza categoria;en=Buffalo Milk:Uncategorized"
352,100,72,3.9,4.7,4.3,0,0,0,"it=Latte Di Capra:Senza categoria;en=Goat Milk:Uncategorized"
353,100,25,0.6,2.4,1.5,0,0,0,"it=Latte Di Mandorle:Senza categoria;en=Almond Milk:Uncategorized"
354,100,103,5.3,5.2,6.9,0,0,0,"it=Latte Di Pecora:Senza categoria;en=Sheep Milk:Uncategorized"
355,100,32,2.9,0.8,1.9,0,0,0,"it=Latte Di Soia:Senza categoria;en=Soy Milk:Uncategorized"
356,100,327,8.7,56.5,9,0,0,0,"it=Latte Di Vacca - Condensato - Con Zucchero:Senza categoria;en=Cow's Milk - Condensed - With Sugar:Uncategorized"
357,100,61,3.1,4.8,3.4,0,0,0,"it=Latte Di Vacca - Intero:Senza categoria;en=Cow's Milk - Whole:Uncategorized"
358,100,61,3.2,4.7,3.4,0,0,0,"it=Latte Di Vacca - Intero Uht:Senza categoria;en=Cow's Milk - Whole Uht:Uncategorized"
359,100,58,3.1,5,3,0,0,0,"it=Latte Di Vacca - Intero Vitaminizzato:Senza categoria;en=Cow's Milk - Whole Vitamin-enriched:Uncategorized"
360,100,484,25.7,42,24.9,0,0,0,"it=Latte Di Vacca - Intero - In Polvere:Senza categoria;en=Cow's Milk - Whole - Powder:Uncategorized"
361,100,49,3.5,5,1.8,0,0,0,"it=Latte Di Vacca - Parzialmente Scremato:Senza categoria;en=Cow's Milk - Partially Skimmed:Uncategorized"
362,100,49,3.6,4.9,1.8,0,0,0,"it=Latte Di Vacca - Parzialmente Scremato Uht:Senza categoria;en=Cow's Milk - Partially Skimmed Uht:Uncategorized"
363,100,45,3.1,5,1.5,0,0,0,"it=Latte Di Vacca - Parzialmente Scremato Vitaminizzato:Senza categoria;en=Cow's Milk - Partially Skimmed Vitamin-enriched:Uncategorized"
364,100,418,28.8,50.2,12.7,0,0,0,"it=Latte Di Vacca - Parzialmente Scremato - In Polvere:Senza categoria;en=Cow's Milk - Partially Skimmed - Powder:Uncategorized"
365,100,36,3.6,5.3,0.2,0,0,0,"it=Latte Di Vacca - Scremato:Senza categoria;en=Cow's Milk - Skimmed:Uncategorized"
366,100,351,33.1,56.2,0.9,0,0,0,"it=Latte Di Vacca - Scremato In Polvere:Senza categoria;en=Cow's Milk - Skimmed Powder:Uncategorized"
367,100,36,3.7,5.2,0.2,0,0,0,"it=Latte Di Vacca - Scremato Uht:Senza categoria;en=Cow's Milk - Skimmed Uht:Uncategorized"
368,100,151,8.4,8.5,9.4,0,0,0,"it=Latte Evaporato:Senza categoria;en=Evaporated Milk:Uncategorized"
369,100,450,30.7,2,36.4,0,0,0,"it=Latteria:Senza categoria;en=Dairy:Uncategorized"
370,100,145,14.6,2,9.6,0,0,0,"it=Latterini:Senza categoria;en=Smelts:Uncategorized"
371,80,19,1.8,2.2,0.4,0,0,0,"it=Lattuga:Senza categoria;en=Lettuce:Uncategorized"
372,92,19,1.5,3,0.2,0,0,0,"it=Lattuga A Cappuccio:Senza categoria;en=Head Lettuce:Uncategorized"
373,83,14,1.1,2.2,0.1,0,0,0,"it=Lattuga Da Taglio:Senza categoria;en=Cutting Lettuce:Uncategorized"
374,100,325,25,54,2.5,0,0,0,"it=Lenticchie - Secche:Senza categoria;en=Lentils - Dried:Uncategorized"
375,100,61,5,10.7,0.4,0,0,0,"it=Lenticchie In Scatola:Senza categoria;en=Canned Lentils:Uncategorized"
376,80,121,22.8,0,3.2,0,0,0,"it=Lepre - Coscio:Senza categoria;en=Hare - Leg:Uncategorized"
377,100,56,12.1,1.1,0.4,0,0,0,"it=Lievito Di Birra:Senza categoria;en=Brewer's Yeast:Uncategorized"
378,65,38,0.7,8.8,0.3,0,0,0,"it=Limette:Senza categoria;en=Limes:Uncategorized"
379,64,11,0.6,2.3,0,0,0,0,"it=Limone:Senza categoria;en=Lemon:Uncategorized"
380,100,69,1.5,16,0.3,0,0,0,"it=Limone - Scorza:Senza categoria;en=Lemon - Zest:Uncategorized"
381,100,373,24.5,0,31,0,0,0,"it=Lino - Semi:Senza categoria;en=Flax - Seeds:Uncategorized"
382,100,349,3.7,76.7,5.2,0,0,0,"it=Liquirizia Dolce:Senza categoria;en=Sweet Licorice:Uncategorized"
383,100,313,2,31,0,0,0,0,"it=Liquori Da Dessert:Senza categoria;en=Dessert Liquors:Uncategorized"
384,56,80,18.7,0,0.6,0,0,0,"it=Luccio:Senza categoria;en=Pike:Uncategorized"
385,24,98,12.9,7.8,1.7,0,0,0,"it=Lumaca:Senza categoria;en=Snail:Uncategorized"
386,24,137,23.8,7.8,0.4,0,0,0,"it=Lumache Di Mare:Senza categoria;en=Sea Snails:Uncategorized"
387,76,114,16.4,7.2,2.4,0,0,0,"it=Lupini Deamarizzati:Senza categoria;en=De-bittered Lupini Beans:Uncategorized"
388,100,57,0.4,14.8,2,0,0,0,"it=Macedonia Di Frutta In Scatola:Senza categoria;en=Canned Fruit Salad:Uncategorized"
389,100,271,12.7,42.5,7,0,0,0,"it=Maggiorana:Senza categoria;en=Marjoram:Uncategorized"
390,100,655,4.2,2.2,70,0,0,0,"it=Maionese:Senza categoria;en=Mayonnaise:Uncategorized"
391,100,355,9.2,75.8,3.8,0,0,0,"it=Mais:Senza categoria;en=Corn:Uncategorized"
392,82,122,2.9,26.6,1.2,0,0,0,"it=Mais Dolce In Scatola:Senza categoria;en=Canned Sweet Corn:Uncategorized"
393,100,93,3.4,17,1.8,0,0,0,"it=Mais Dolce:Senza categoria;en=Sweet Corn:Uncategorized"
394,87,53,0.8,12.8,0.2,0,0,0,"it=Mandaranci E Clementine:Senza categoria;en=Tangerines And Clementines:Uncategorized"
395,80,72,0.9,17.6,0.3,0,0,0,"it=Mandarini:Senza categoria;en=Tangerines:Uncategorized"
396,24,542,16,4,51.5,0,0,0,"it=Mandorle Dolci:Senza categoria;en=Sweet Almonds:Uncategorized"
397,100,57,0.7,14.1,0.2,0,0,0,"it=Mango:Senza categoria;en=Mango:Uncategorized"
398,100,760,0.6,0.4,84,0,0,0,"it=Margarina:Senza categoria;en=Margarine:Uncategorized"
399,100,746,2,0.2,82.8,0,0,0,"it=Margarina Vegetale:Senza categoria;en=Vegetable Margarine:Uncategorized"
400,100,209,0.6,55.2,2,0,0,0,"it=Marmellata (albic.-fichi-mele Cot.-pesche - Prugne]:Senza categoria;en=Jam (apricot-fig-quince-peach - Plum]:Uncategorized"
401,100,236,0.6,62.3,2,0,0,0,"it=Marmellata (amarene-ciliege-uva-marasche):Senza categoria;en=Jam (sour Cherry-cherry-grape-marascha):Uncategorized"
402,100,222,0.5,58.7,2,0,0,0,"it=Marmellata (normali E Tipo Frutta Viva):Senza categoria;en=Jam (normal And Fruit Viva Type):Uncategorized"
403,100,123,0.5,31.9,0.1,0,0,0,"it=Marmellata A Ridotto Tenore Di Zucchero:Senza categoria;en=Low Sugar Jam:Uncategorized"
404,100,242,0.7,63.2,0.2,0,0,0,"it=Marmellata Di Albicocche:Senza categoria;en=Apricot Jam:Uncategorized"
405,100,261,0.1,69.5,0,0,0,0,"it=Marmellata Di Arance:Senza categoria;en=Orange Jam:Uncategorized"
406,100,134,2.1,31.2,0.6,0,0,0,"it=Marmellata Di Prugne:Senza categoria;en=Plum Jam:Uncategorized"
407,100,150,3,12.4,2,0,0,0,"it=Marsala All'uovo:Senza categoria;en=Egg Marsala:Uncategorized"
408,100,205,0.1,28,0,0,0,0,"it=Marsala Tipico:Senza categoria;en=Typical Marsala:Uncategorized"
409,100,453,7.6,2,47,0,0,0,"it=Mascarpone:Senza categoria;en=Mascarpone:Uncategorized"
410,94,45,0.2,11,0.3,0,0,0,"it=Mela:Senza categoria;en=Apple:Uncategorized"
411,79,34,0.3,6.3,1,0,0,0,"it=Mela Cotogna:Senza categoria;en=Quince:Uncategorized"
412,100,243,0.9,57.2,0.3,0,0,0,"it=Mela - Polpa Secca:Senza categoria;en=Apple - Dried Pulp:Uncategorized"
413,59,63,0.5,15.9,0.2,0,0,0,"it=Melagrane:Senza categoria;en=Pomegranates:Uncategorized"
414,92,15,1.1,2.6,0.1,0,0,0,"it=Melanzane:Senza categoria;en=Eggplants:Uncategorized"
415,100,49,1.1,2.5,4,0,0,0,"it=Melanzane Sott'olio:Senza categoria;en=Eggplants In Oil:Uncategorized"
416,47,33,0.8,7.4,0.2,0,0,0,"it=Melone D'estate:Senza categoria;en=Summer Melon:Uncategorized"
417,51,22,0.5,4.9,0.2,0,0,0,"it=Melone D'inverno:Senza categoria;en=Winter Melon:Uncategorized"
418,65,72,17.4,0,0.3,0,0,0,"it=Melu' O Pesce Molo:Senza categoria;en=Blue Whiting Or Molo Fish:Uncategorized"
419,100,43,3.8,5.3,0.7,0,0,0,"it=Menta - Fresca:Senza categoria;en=Mint - Fresh:Uncategorized"
420,100,279,24.8,34.6,4.6,0,0,0,"it=Menta - Secca:Senza categoria;en=Mint - Dried:Uncategorized"
421,100,352,6.5,60,9.5,0,0,0,"it=Merendine Al Cioccolato:Senza categoria;en=Chocolate Snacks:Uncategorized"
422,100,359,5.5,69.8,8.3,0,0,0,"it=Merendine Con Marmellata:Senza categoria;en=Jam Snacks:Uncategorized"
423,100,414,6.2,67.6,15.1,0,0,0,"it=Merendine Farcite:Senza categoria;en=Filled Snacks:Uncategorized"
424,100,463,8.3,60.9,22.3,0,0,0,"it=Merendine Tipo Pan Di Spagna:Senza categoria;en=Sponge Cake Type Snacks:Uncategorized"
425,100,379,5.3,95.4,2,0,0,0,"it=Meringa:Senza categoria;en=Meringue:Uncategorized"
426,76,71,17,0,0.3,0,0,0,"it=Merluzzo:Senza categoria;en=Cod:Uncategorized"
427,75,75,17.3,0,0.6,0,0,0,"it=Merluzzo Surgelato:Senza categoria;en=Frozen Cod:Uncategorized"
428,100,303,0.6,80.3,0,0,0,0,"it=Miele:Senza categoria;en=Honey:Uncategorized"
429,98,30,0.6,6.9,0.2,0,0,0,"it=Mirtillo Nero:Senza categoria;en=Blueberry:Uncategorized"
430,100,203,13.3,23.5,6.2,0,0,0,"it=Miso:Senza categoria;en=Miso:Uncategorized"
431,100,411,30.3,2,32.2,0,0,0,"it=Montasio:Senza categoria;en=Montasio Cheese:Uncategorized"
432,100,36,1.3,8.1,2,0,0,0,"it=Mora Di Gelso:Senza categoria;en=Mulberry:Uncategorized"
433,100,26,1.3,5.7,2,0,0,0,"it=Mora Di Rovo:Senza categoria;en=Blackberry:Uncategorized"
434,100,317,14.7,1.5,28.1,0,0,0,"it=Mortadella Di Suino:Senza categoria;en=Pork Mortadella:Uncategorized"
435,100,388,13.3,0.5,37,0,0,0,"it=Mortadella Di Suino E Bovino:Senza categoria;en=Pork And Beef Mortadella:Uncategorized"
436,100,243,19.9,4.9,16.1,0,0,0,"it=Mozzarella:Senza categoria;en=Mozzarella:Uncategorized"
437,100,240,15.7,3.3,18.3,0,0,0,"it=Mozzarella Di Bufala:Senza categoria;en=Buffalo Mozzarella:Uncategorized"
438,100,364,10.6,71.1,5.9,0,0,0,"it=Muesli:Senza categoria;en=Muesli:Uncategorized"
439,100,212,17.7,9,11,0,0,0,"it=Natto:Senza categoria;en=Natto:Uncategorized"
440,66,28,0.4,6.1,0.4,0,0,0,"it=Nespole:Senza categoria;en=Medlars:Uncategorized"
441,42,625,13,1.8,62.9,0,0,0,"it=Nocciole:Senza categoria;en=Hazelnuts:Uncategorized"
442,70,351,3.2,3.7,36,0,0,0,"it=Noce Di Cocco:Senza categoria;en=Coconut:Uncategorized"
443,100,395,8.8,26.3,29,0,0,0,"it=Noce Moscata:Senza categoria;en=Nutmeg:Uncategorized"
444,58,582,10.5,5.5,57.7,0,0,0,"it=Noci - Fresche:Senza categoria;en=Walnuts - Fresh:Uncategorized"
445,39,660,15.8,6.3,63.7,0,0,0,"it=Noci - Secche:Senza categoria;en=Walnuts - Dried:Uncategorized"
446,100,136,30.7,2,1.5,0,0,0,"it=Nori - Secca:Senza categoria;en=Nori - Dried:Uncategorized"
447,70,373,15.8,0,34.4,0,0,0,"it=Oca:Senza categoria;en=Goose:Uncategorized"
448,100,899,2,0,99.9,0,0,0,"it=Olio Di Cocco:Senza categoria;en=Coconut Oil:Uncategorized"
449,100,899,2,0,99.9,0,0,0,"it=Olio Di Colza:Senza categoria;en=Rapeseed Oil:Uncategorized"
450,100,899,2,0,99.9,0,0,0,"it=Olio Di Germe Di Grano:Senza categoria;en=Wheat Germ Oil:Uncategorized"
451,100,899,2,0,99.9,0,0,0,"it=Olio Di Mais Vitaminizzato:Senza categoria;en=Vitamin-enriched Corn Oil:Uncategorized"
452,100,900,0,0,100,0,0,0,"it=Olio Di Oliva:Senza categoria;en=Olive Oil:Uncategorized"
453,100,900,0,0,100,0,0,0,"it=Olio Di Oliva Extravergine:Senza categoria;en=Extra Virgin Olive Oil:Uncategorized"
454,100,900,0,0,100,0,0,0,"it=Olio Di Oliva Vitaminizzato:Senza categoria;en=Vitamin-enriched Olive Oil:Uncategorized"
455,100,899,2,0,99.9,0,0,0,"it=Olio Di Palma:Senza categoria;en=Palm Oil:Uncategorized"
456,100,900,0,0,100,0,0,0,"it=Olio Di Semi Di Arachidi:Senza categoria;en=Peanut Oil:Uncategorized"
457,100,899,2,0,99.9,0,0,0,"it=Olio Di Semi Di Girasole:Senza categoria;en=Sunflower Oil:Uncategorized"
458,100,899,2,0,99.9,0,0,0,"it=Olio Di Semi Di Mais:Senza categoria;en=Corn Oil:Uncategorized"
459,100,900,0,0,100,0,0,0,"it=Olio Di Semi Vari:Senza categoria;en=Mixed Seed Oil:Uncategorized"
460,100,898,0.2,0,99.7,0,0,0,"it=Olio Di Sesamo:Senza categoria;en=Sesame Oil:Uncategorized"
461,100,899,2,0,99.9,0,0,0,"it=Olio Di Soia:Senza categoria;en=Soybean Oil:Uncategorized"
462,100,899,2,0,99.9,0,0,0,"it=Olio Di Vinacciolo:Senza categoria;en=Grapeseed Oil:Uncategorized"
463,83,268,1.5,5,27,0,0,0,"it=Olive Da Tavola - Conservate:Senza categoria;en=Table Olives - Preserved:Uncategorized"
464,74,234,1.6,0.8,25.1,0,0,0,"it=Olive Nere:Senza categoria;en=Black Olives:Uncategorized"
465,84,142,0.8,1,15,0,0,0,"it=Olive Verdi:Senza categoria;en=Green Olives:Uncategorized"
466,63,78,17.2,0.8,0.7,0,0,0,"it=Ombrina Surgelata:Senza categoria;en=Frozen Croaker:Uncategorized"
467,69,90,19.8,0,1.2,0,0,0,"it=Orata:Senza categoria;en=Sea Bream:Uncategorized"
468,100,66,2.2,9.7,2,0,0,0,"it=Origano - Fresco:Senza categoria;en=Oregano - Fresh:Uncategorized"
469,100,306,11,49.5,10.3,0,0,0,"it=Origano - Secco Macinato:Senza categoria;en=Oregano - Dried Ground:Uncategorized"
470,100,36,5.9,1.3,0.7,0,0,0,"it=Ortica:Senza categoria;en=Nettle:Uncategorized"
471,100,318,10.4,70.5,1.4,0,0,0,"it=Orzo - Perlato:Senza categoria;en=Barley - Pearled:Uncategorized"
472,100,372,5.5,80.9,3.4,0,0,0,"it=Orzo Solubile O Caffe' D'orzo - In Polvere:Senza categoria;en=Instant Barley Or Barley Coffee - Powder:Uncategorized"
473,100,5,0.1,1,2,0,0,0,"it=Orzo Solubile O Caffe' D'orzo - In Tazza:Senza categoria;en=Instant Barley Or Barley Coffee - Cup:Uncategorized"
474,12,69,10.2,5.4,0.9,0,0,0,"it=Ostrica:Senza categoria;en=Oyster:Uncategorized"
475,100,134,16.9,0.4,7.2,0,0,0,"it=Ovino - Cuore:Senza categoria;en=Sheep - Heart:Uncategorized"
476,100,135,19.5,2,5.5,0,0,0,"it=Ovino - Fegato:Senza categoria;en=Sheep - Liver:Uncategorized"
477,65,80,16,1.3,1.2,0,0,0,"it=Palombo:Senza categoria;en=Dogfish:Uncategorized"
478,100,314,8.5,59.4,6.4,0,0,0,"it=Pan Di Spagna:Senza categoria;en=Sponge Cake:Uncategorized"
479,100,267,8.2,46.9,3.6,0,0,0,"it=Pancarre' Americano Comune:Senza categoria;en=Common American Bread:Uncategorized"
480,91,276,15.8,0,23.6,0,0,0,"it=Pancetta Affumicata O Bacon:Senza categoria;en=Smoked Bacon:Uncategorized"
481,100,394,20.9,0.7,34.2,0,0,0,"it=Pancetta Coppata:Senza categoria;en=Coppa Bacon:Uncategorized"
482,100,661,8.4,1,69.3,0,0,0,"it=Pancetta Di Maiale:Senza categoria;en=Pork Belly:Uncategorized"
483,100,314,21.7,0,25.3,0,0,0,"it=Pancetta Magretta:Senza categoria;en=Lean Bacon:Uncategorized"
484,100,337,20.9,0,28.1,0,0,0,"it=Pancetta Tesa:Senza categoria;en=Cured Pork Belly:Uncategorized"
485,100,347,8.6,64.9,7.6,0,0,0,"it=Pane Al Latte:Senza categoria;en=Milk Bread:Uncategorized"
486,100,286,7,52.6,6.7,0,0,0,"it=Pane Alle Olive:Senza categoria;en=Olive Bread:Uncategorized"
487,100,279,8.1,64.7,0.2,0,0,0,"it=Pane Comune - Pezzatura Da G:Senza categoria;en=Common Bread - Size G:Uncategorized"
488,100,284,13.3,56.9,3.4,0,0,0,"it=Pane Condito:Senza categoria;en=Seasoned Bread:Uncategorized"
489,100,245,10.1,49.1,2.3,0,0,0,"it=Pane Di Grano Duro:Senza categoria;en=Durum Wheat Bread:Uncategorized"
490,100,226,6.2,47.7,1.1,0,0,0,"it=Pane Di Grano E Segale:Senza categoria;en=Wheat And Rye Bread:Uncategorized"
491,100,219,8.3,45.8,1.7,0,0,0,"it=Pane Di Segale:Senza categoria;en=Rye Bread:Uncategorized"
492,100,284,9.4,46.7,3.6,0,0,0,"it=Pane Di Segale Biscottato:Senza categoria;en=Toasted Rye Bread:Uncategorized"
493,100,276,12,41.7,6.8,0,0,0,"it=Pane Di Soia:Senza categoria;en=Soy Bread:Uncategorized"
494,100,354,11.6,77.5,1.9,0,0,0,"it=Pane Grattugiato:Senza categoria;en=Breadcrumbs:Uncategorized"
495,100,243,7.5,53.8,1.3,0,0,0,"it=Pane Integrale:Senza categoria;en=Whole Wheat Bread:Uncategorized"
496,100,298,8.8,69.2,0.5,0,0,0,"it=Pane Tostato:Senza categoria;en=Toasted Bread:Uncategorized"
497,100,290,8.2,67.5,0.4,0,0,0,"it=Pane:Senza categoria;en=Bread:Uncategorized"
498,100,334,6.4,56.5,10.7,0,0,0,"it=Panettone:Senza categoria;en=Panettone:Uncategorized"
499,100,302,7.7,58.3,5.8,0,0,0,"it=Panini All'olio:Senza categoria;en=Oil Rolls:Uncategorized"
500,100,337,2.3,3.4,35,0,0,0,"it=Panna:Senza categoria;en=Cream:Uncategorized"
501,100,206,2.8,3.9,20,0,0,0,"it=Panna - A Basso Contenuto Di Colesterolo:Senza categoria;en=Low-cholesterol Cream:Uncategorized"
502,72,36,0.5,8.8,0.1,0,0,0,"it=Papaya:Senza categoria;en=Papaya:Uncategorized"
503,100,306,14.8,34.8,13,0,0,0,"it=Paprika - In Polvere:Senza categoria;en=Paprika - Powder:Uncategorized"
504,100,374,36,2,25.6,0,0,0,"it=Parmigiano:Senza categoria;en=Parmesan:Uncategorized"
505,100,309,11.8,63.2,2.8,0,0,0,"it=Pasta All'uovo - Fresca:Senza categoria;en=Egg Pasta - Fresh:Uncategorized"
506,100,368,13,78.6,2.4,0,0,0,"it=Pasta All'uovo - Secca:Senza categoria;en=Egg Pasta - Dried:Uncategorized"
507,100,362,14,67.5,4,0,0,0,"it=Pasta Barilla Emiliane Uovo:Senza categoria;en=Barilla Emiliane Egg Pasta:Uncategorized"
508,100,350,12,72.2,1.5,0,0,0,"it=Pasta Barilla Semola:Senza categoria;en=Barilla Semolina Pasta:Uncategorized"
509,100,467,8,54.3,25.8,0,0,0,"it=Pasta Di Mandorle:Senza categoria;en=Almond Paste:Uncategorized"
510,100,331,1.4,4.5,34.3,0,0,0,"it=Pasta Di Olive:Senza categoria;en=Olive Paste:Uncategorized"
511,100,356,10.8,82.8,0.3,0,0,0,"it=Pasta Di Semola:Senza categoria;en=Semolina Pasta:Uncategorized"
512,100,324,13.4,66.2,2.5,0,0,0,"it=Pasta Di Semola Integrale:Senza categoria;en=Whole Wheat Semolina Pasta:Uncategorized"
513,100,355,12,73,1.7,0,0,0,"it=Pasta Divella:Senza categoria;en=Divella Pasta:Uncategorized"
514,100,480,7.7,61.3,24.3,0,0,0,"it=Pasta Frolla:Senza categoria;en=Shortcrust Pastry:Uncategorized"
515,100,320,12,57,4.5,0,0,0,"it=Pasta Granoro All'uovo:Senza categoria;en=Granoro Egg Pasta:Uncategorized"
516,100,300,11,72,1,0,0,0,"it=Pasta Granoro Semola:Senza categoria;en=Granoro Semolina Pasta:Uncategorized"
517,100,560,5.6,45.9,40.6,0,0,0,"it=Pasta Sfoglia:Senza categoria;en=Puff Pastry:Uncategorized"
518,100,355,26,41.5,9.4,0,0,0,"it=Pasti Dietetici Sostitutivi:Senza categoria;en=Diet Meal Replacements:Uncategorized"
519,100,404,3.6,70.4,12.7,0,0,0,"it=Pasticcini Al Cocco:Senza categoria;en=Coconut Pastries:Uncategorized"
520,100,364,26.9,2,28.5,0,0,0,"it=Pastorella:Senza categoria;en=Pastorella Cheese:Uncategorized"
521,83,85,2.1,18,1,0,0,0,"it=Patate:Senza categoria;en=Potatoes:Uncategorized"
522,84,87,1.2,21.3,0.3,0,0,0,"it=Patate Dolci:Senza categoria;en=Sweet Potatoes:Uncategorized"
523,96,67,2,15.8,0,0,0,0,"it=Patate Novelle:Senza categoria;en=New Potatoes:Uncategorized"
524,100,349,1.4,91.5,0,0,0,0,"it=Patate - Fecola:Senza categoria;en=Potato - Starch:Uncategorized"
525,100,318,9.1,73.2,0.8,0,0,0,"it=Patate - Polvere Istantanea:Senza categoria;en=Potato - Instant Powder:Uncategorized"
526,100,536,7,51.2,34.6,0,0,0,"it=Patatine In Sacchetto:Senza categoria;en=Potato Chips In A Bag:Uncategorized"
527,100,293,17,0,25,0,0,0,"it=Pecora:Senza categoria;en=Sheep:Uncategorized"
528,100,366,28.5,2,28,0,0,0,"it=Pecorino:Senza categoria;en=Pecorino Cheese:Uncategorized"
529,100,378,29.5,2,28.9,0,0,0,"it=Pecorino Da Grattugiare:Senza categoria;en=Pecorino Cheese For Grating:Uncategorized"
530,100,379,28.3,2,29.5,0,0,0,"it=Pecorino Romano:Senza categoria;en=Pecorino Romano Cheese:Uncategorized"
531,100,332,26,2,25.4,0,0,0,"it=Pecorino - Fresco:Senza categoria;en=Pecorino - Fresh:Uncategorized"
532,100,255,10.9,38.3,3.3,0,0,0,"it=Pepe Nero:Senza categoria;en=Black Pepper:Uncategorized"
533,89,25,1.8,3.8,0.5,0,0,0,"it=Peperoncini Piccanti:Senza categoria;en=Hot Peppers:Uncategorized"
534,82,22,0.9,4.2,0.3,0,0,0,"it=Peperoni Dolci:Senza categoria;en=Sweet Peppers:Uncategorized"
535,88,22,0.9,5,0.3,0,0,0,"it=Peperoni Gialli:Senza categoria;en=Yellow Peppers:Uncategorized"
536,100,15,0.8,1.7,0.6,0,0,0,"it=Peperoni Sott'aceto:Senza categoria;en=Peppers In Vinegar:Uncategorized"
537,91,41,0.3,9.5,0.4,0,0,0,"it=Pera:Senza categoria;en=Pear:Uncategorized"
538,91,27,0.8,6.1,0.1,0,0,0,"it=Pesca:Senza categoria;en=Peach:Uncategorized"
539,100,87,0.4,22.9,2,0,0,0,"it=Pesca Sciroppata:Senza categoria;en=Canned Peach:Uncategorized"
540,43,75,15.4,2,1.5,0,0,0,"it=Pesce Persico:Senza categoria;en=Perch:Uncategorized"
541,98,109,16.9,1,4.2,0,0,0,"it=Pesce Spada:Senza categoria;en=Swordfish:Uncategorized"
542,53,187,18.4,0.3,12.5,0,0,0,"it=Piccione Adulto:Senza categoria;en=Adult Pigeon:Uncategorized"
543,90,138,22.1,0,5.5,0,0,0,"it=Piccione Giovane:Senza categoria;en=Young Pigeon:Uncategorized"
544,29,567,29.6,5,47.8,0,0,0,"it=Pinoli:Senza categoria;en=Pine Nuts:Uncategorized"
545,47,76,7,12.4,0.2,0,0,0,"it=Piselli - Freschi:Senza categoria;en=Peas - Fresh:Uncategorized"
546,100,53,5.8,6.8,0.8,0,0,0,"it=Piselli In Scatola:Senza categoria;en=Canned Peas:Uncategorized"
547,67,53,5.8,6.8,0.8,0,0,0,"it=Piselli In Scatola Sgocciolati:Senza categoria;en=Drained Canned Peas:Uncategorized"
548,100,54,5.7,7.5,0.4,0,0,0,"it=Piselli Surgelati:Senza categoria;en=Frozen Peas:Uncategorized"
549,100,306,21.7,53.6,2,0,0,0,"it=Piselli - Secchi:Senza categoria;en=Peas - Dried:Uncategorized"
550,100,390,12.8,16.4,32.6,0,0,0,"it=Pistacchi - Freschi:Senza categoria;en=Pistachios - Fresh:Uncategorized"
551,50,577,20.6,14,48.4,0,0,0,"it=Pistacchi - Secchi:Senza categoria;en=Pistachios - Dried:Uncategorized"
552,100,601,17.9,8.2,55.4,0,0,0,"it=Pistacchi - Tostati E Salati:Senza categoria;en=Pistachios - Toasted And Salted:Uncategorized"
553,100,247,4,51.9,4,0,0,0,"it=Pizza Con Pomodoro:Senza categoria;en=Pizza With Tomato:Uncategorized"
554,100,271,5.6,52.9,5.6,0,0,0,"it=Pizza Con Pomodoro E Mozzarella:Senza categoria;en=Pizza With Tomato And Mozzarella:Uncategorized"
555,100,183,4.4,40.8,1.4,0,0,0,"it=Polenta:Senza categoria;en=Polenta:Uncategorized"
556,68,175,19.1,0,11,0,0,0,"it=Pollo - Intero:Senza categoria;en=Chicken - Whole:Uncategorized"
557,66,193,20.3,0,12.4,0,0,0,"it=Pollo - Ali:Senza categoria;en=Chicken - Wings:Uncategorized"
558,80,130,17.9,0,6.5,0,0,0,"it=Pollo - Coscia:Senza categoria;en=Chicken - Leg:Uncategorized"
559,100,122,20.5,2,4.5,0,0,0,"it=Pollo - Fegatini:Senza categoria;en=Chicken - Livers:Uncategorized"
560,100,97,22.2,0,0.9,0,0,0,"it=Pollo - Petto:Senza categoria;en=Chicken - Breast:Uncategorized"
561,100,196,13.9,0.1,15.6,0,0,0,"it=Pollo - Regaglie:Senza categoria;en=Chicken - Giblets:Uncategorized"
562,90,57,10.6,1.4,1,0,0,0,"it=Polpo:Senza categoria;en=Octopus:Uncategorized"
563,100,51,12.4,2,0.2,0,0,0,"it=Polpo Surgelato:Senza categoria;en=Frozen Octopus:Uncategorized"
564,100,17,1.2,2.8,0.2,0,0,0,"it=Pomodori Da Insalata:Senza categoria;en=Salad Tomatoes:Uncategorized"
565,100,19,1,3.5,0.2,0,0,0,"it=Pomodori Maturi:Senza categoria;en=Ripe Tomatoes:Uncategorized"
566,100,258,14.1,43.5,3,0,0,0,"it=Pomodori Secchi:Senza categoria;en=Dried Tomatoes:Uncategorized"
567,100,213,5.1,17.5,14.1,0,0,0,"it=Pomodori Sott'olio:Senza categoria;en=Tomatoes In Oil:Uncategorized"
568,100,21,1.2,3,0.5,0,0,0,"it=Pomodori - Pelati - In Scatola Con Liquido:Senza categoria;en=Tomatoes - Peeled - Canned With Liquid:Uncategorized"
569,100,71,4.4,16.4,0.6,0,0,0,"it=Pomodoro - Concentrato (sostanza Secca 25%):Senza categoria;en=Tomato - Concentrate (25% Dry Matter):Uncategorized"
570,100,50,0.9,11.4,0.4,0,0,0,"it=Pomodoro - Concentrato (sostanza Secca 8%):Senza categoria;en=Tomato - Concentrate (8% Dry Matter):Uncategorized"
571,100,96,3.9,20.4,0.4,0,0,0,"it=Pomodoro - Conserva (sostanza Secca 30%):Senza categoria;en=Tomato - Paste (30% Dry Matter):Uncategorized"
572,70,26,0.6,6.2,0,0,0,0,"it=Pompelmo:Senza categoria;en=Grapefruit:Uncategorized"
573,70,30,0.6,7.7,0.1,0,0,0,"it=Pompelmo Rosa:Senza categoria;en=Pink Grapefruit:Uncategorized"
574,100,383,12.7,76.7,5,0,0,0,"it=Pop Corn:Senza categoria;en=Pop Corn:Uncategorized"
575,77,29,2.1,5.2,0.1,0,0,0,"it=Porri:Senza categoria;en=Leeks:Uncategorized"
576,100,157,0.1,12,0,0,0,0,"it=Porto:Senza categoria;en=Port:Uncategorized"
577,80,20,3.7,2,0.6,0,0,0,"it=Prezzemolo - Fresco:Senza categoria;en=Parsley - Fresh:Uncategorized"
578,100,181,15.8,14.5,7,0,0,0,"it=Prezzemolo - Secco:Senza categoria;en=Parsley - Dried:Uncategorized"
579,100,215,19.8,0.9,14.7,0,0,0,"it=Prosciutto Cotto:Senza categoria;en=Cooked Ham:Uncategorized"
580,100,215,19.8,0.9,14.7,0,0,0,"it=Prosciutto Cotto - Affumicato:Senza categoria;en=Smoked Cooked Ham:Uncategorized"
581,100,132,22.2,1,4.4,0,0,0,"it=Prosciutto Cotto - Magro:Senza categoria;en=Lean Cooked Ham:Uncategorized"
582,100,370,22.2,0,31.2,0,0,0,"it=Prosciutto Crudo:Senza categoria;en=Raw Ham:Uncategorized"
583,100,218,28.6,0,11.5,0,0,0,"it=Prosciutto Crudo - Affumicato:Senza categoria;en=Smoked Raw Ham:Uncategorized"
584,100,218,28.6,0,11.5,0,0,0,"it=Prosciutto Crudo - Magro:Senza categoria;en=Lean Raw Ham:Uncategorized"
585,100,260,21.2,2,19.6,0,0,0,"it=Provola Affumicata:Senza categoria;en=Smoked Provola Cheese:Uncategorized"
586,100,348,25,2.1,26.6,0,0,0,"it=Provoloncino Dolce:Senza categoria;en=Sweet Provoloncino Cheese:Uncategorized"
587,100,374,26.3,2.1,28.9,0,0,0,"it=Provolone:Senza categoria;en=Provolone Cheese:Uncategorized"
588,100,400,29.4,2.1,30.4,0,0,0,"it=Provolone Piccante:Senza categoria;en=Spicy Provolone Cheese:Uncategorized"
589,89,42,0.5,10.5,0.1,0,0,0,"it=Prugne:Senza categoria;en=Plums:Uncategorized"
590,95,41,0.8,9.7,0.1,0,0,0,"it=Prugne Regina Claudia:Senza categoria;en=Greengage Plums:Uncategorized"
591,88,220,2.2,55,0.5,0,0,0,"it=Prugne - Secche:Senza categoria;en=Plums - Dried:Uncategorized"
592,67,161,25,0,6.8,0,0,0,"it=Quaglia:Senza categoria;en=Quail:Uncategorized"
593,72,13,1.4,1.6,0.1,0,0,0,"it=Radicchio Rosso:Senza categoria;en=Red Radicchio:Uncategorized"
594,95,14,1.9,0.5,0.5,0,0,0,"it=Radicchio Verde:Senza categoria;en=Green Radicchio:Uncategorized"
595,35,64,15.5,0,0.2,0,0,0,"it=Rana:Senza categoria;en=Frog:Uncategorized"
596,33,63,12.8,0.6,1,0,0,0,"it=Rana Pescatrice:Senza categoria;en=Monkfish:Uncategorized"
597,69,18,1,3.8,0,0,0,0,"it=Rape:Senza categoria;en=Turnips:Uncategorized"
598,99,11,0.8,1.8,0.1,0,0,0,"it=Ravanelli:Senza categoria;en=Radishes:Uncategorized"
599,35,68,14.2,0.7,0.9,0,0,0,"it=Razza:Senza categoria;en=Ray:Uncategorized"
600,100,222,0,0,0,0,0,0,"it=Rhum:Senza categoria;en=Rum:Uncategorized"
601,98,28,0.9,6.6,2,0,0,0,"it=Ribes Nero:Senza categoria;en=Black Currant:Uncategorized"
602,97,21,1.1,4.4,2,0,0,0,"it=Ribes Rosso:Senza categoria;en=Red Currant:Uncategorized"
603,100,271,8.4,3.2,25.1,0,0,0,"it=Ricotta Di Pecora:Senza categoria;en=Sheep's Milk Ricotta:Uncategorized"
604,100,136,12.2,4,8,0,0,0,"it=Ricotta Di Vacca:Senza categoria;en=Cow's Milk Ricotta:Uncategorized"
605,100,204,10.3,3.6,16.6,0,0,0,"it=Ricotta Di Vacca E Pecora:Senza categoria;en=Cow's And Sheep's Milk Ricotta:Uncategorized"
606,100,109,12.5,3.6,5.1,0,0,0,"it=Ricotta Intera - Tipo Tedesco:Senza categoria;en=Whole Ricotta - German Type:Uncategorized"
607,100,72,13.5,4.1,0.2,0,0,0,"it=Ricotta Magra Tipo Tedesco:Senza categoria;en=Low-fat Ricotta German Type:Uncategorized"
608,100,362,7,87.6,0.6,0,0,0,"it=Riso - Brillato:Senza categoria;en=Rice - Polished:Uncategorized"
609,100,369,6.1,89.7,0.9,0,0,0,"it=Riso Soffiato:Senza categoria;en=Puffed Rice:Uncategorized"
610,100,357,6.7,81.3,2.8,0,0,0,"it=Riso Integrale:Senza categoria;en=Brown Rice:Uncategorized"
611,100,364,6.7,79.3,1,0,0,0,"it=Riso - Tipo Parboiled:Senza categoria;en=Rice - Parboiled Type:Uncategorized"
612,100,309,18.9,2,25.9,0,0,0,"it=Robiola:Senza categoria;en=Robiola Cheese:Uncategorized"
613,100,375,19.7,2,32.9,0,0,0,"it=Rochefort:Senza categoria;en=Rochefort Cheese:Uncategorized"
614,55,81,16.3,1.2,1.3,0,0,0,"it=Rombo:Senza categoria;en=Turbot:Uncategorized"
615,100,96,1.4,13.5,4.4,0,0,0,"it=Rosmarino - Fresco:Senza categoria;en=Rosemary - Fresh:Uncategorized"
616,100,331,4.9,46.4,15.2,0,0,0,"it=Rosmarino - Secco:Senza categoria;en=Rosemary - Dried:Uncategorized"
617,40,25,2.6,2.1,0.7,0,0,0,"it=Rucola:Senza categoria;en=Arugula:Uncategorized"
618,100,424,28.5,1.2,34,0,0,0,"it=Salame Cacciatore:Senza categoria;en=Cacciatore Salami:Uncategorized"
619,100,326,36,1.5,19.6,0,0,0,"it=Salame Da Cuocere:Senza categoria;en=Salami For Cooking:Uncategorized"
620,97,475,22.5,0,42.8,0,0,0,"it=Salame Di Suino:Senza categoria;en=Pork Salami:Uncategorized"
621,97,454,27.4,0,38.3,0,0,0,"it=Salame Di Suino E Bovino:Senza categoria;en=Pork And Beef Salami:Uncategorized"
622,100,421,26.5,1.5,34.3,0,0,0,"it=Salame Fabriano:Senza categoria;en=Fabriano Salami:Uncategorized"
623,100,375,30.5,0.5,27.9,0,0,0,"it=Salame Felino:Senza categoria;en=Felino Salami:Uncategorized"
624,100,390,26.7,1.5,30.9,0,0,0,"it=Salame Milano:Senza categoria;en=Milano Salami:Uncategorized"
625,100,358,26.7,1.7,27.3,0,0,0,"it=Salame Napoli:Senza categoria;en=Napoli Salami:Uncategorized"
626,100,370,27.3,1.1,28.5,0,0,0,"it=Salame Nostrano:Senza categoria;en=Nostrano Salami:Uncategorized"
627,100,406,24.2,0.7,34,0,0,0,"it=Salame Ungherese:Senza categoria;en=Hungarian Salami:Uncategorized"
628,100,514,7.2,71.1,24.3,0,0,0,"it=Salatini:Senza categoria;en=Salty Snacks:Uncategorized"
629,100,0,0,0,0,0,0,0,"it=Sale:Senza categoria;en=Salt:Uncategorized"
630,79,180,20.2,0,11,0,0,0,"it=Salmone:Senza categoria;en=Salmon:Uncategorized"
631,100,142,25.4,0,4.5,0,0,0,"it=Salmone Affumicato:Senza categoria;en=Smoked Salmon:Uncategorized"
632,98,188,21.1,0,11.5,0,0,0,"it=Salmone In Salamoia:Senza categoria;en=Salmon In Brine:Uncategorized"
633,100,424,12.4,0.9,41.2,0,0,0,"it=Salsiccia Di Fegato:Senza categoria;en=Liver Sausage:Uncategorized"
634,100,394,14.2,0,37.4,0,0,0,"it=Salsiccia Di Suino E Bovino - Fresca:Senza categoria;en=Pork And Beef Sausage - Fresh:Uncategorized"
635,100,304,15.4,0.6,26.7,0,0,0,"it=Salsiccia Di Suino - Fresca:Senza categoria;en=Pork Sausage - Fresh:Uncategorized"
636,100,514,22,0,47.3,0,0,0,"it=Salsiccia Di Suino - Secca:Senza categoria;en=Pork Sausage - Dried:Uncategorized"
637,100,119,3.9,15.6,4.6,0,0,0,"it=Salvia - Fresca:Senza categoria;en=Sage - Fresh:Uncategorized"
638,100,315,10.6,42.7,12.7,0,0,0,"it=Salvia - Secca Macinata:Senza categoria;en=Sage - Dried Ground:Uncategorized"
639,54,103,15,1,4.4,0,0,0,"it=Sarago:Senza categoria;en=Sea Bream:Uncategorized"
640,70,129,20.8,1.5,4.5,0,0,0,"it=Sarda:Senza categoria;en=Sardine:Uncategorized"
641,48,133,25.1,0,3.6,0,0,0,"it=Sardine Salate:Senza categoria;en=Salted Sardines:Uncategorized"
642,73,198,22.3,0,12.1,0,0,0,"it=Sardine Sott'olio:Senza categoria;en=Sardines In Oil:Uncategorized"
643,72,20,1.5,3.3,0.2,0,0,0,"it=Scalogno:Senza categoria;en=Shallot:Uncategorized"
644,100,209,22.7,7.2,10.1,0,0,0,"it=Scamorza:Senza categoria;en=Scamorza Cheese:Uncategorized"
645,100,209,22.7,7.2,10.1,0,0,0,"it=Scamorza Affumicata:Senza categoria;en=Smoked Scamorza Cheese:Uncategorized"
646,60,15,1.6,1.7,0.2,0,0,0,"it=Scarola:Senza categoria;en=Escarole:Uncategorized"
647,100,318,6.2,71.3,0,0,0,0,"it=Sciroppo Di Malto:Senza categoria;en=Malt Syrup:Uncategorized"
648,100,297,0.3,79,0,0,0,0,"it=Sciroppo Per Bibite:Senza categoria;en=Syrup For Drinks:Uncategorized"
649,59,27,1.3,10.2,0.3,0,0,0,"it=Scorzonera:Senza categoria;en=Salsify:Uncategorized"
650,80,20,2.3,2.4,0.2,0,0,0,"it=Sedano:Senza categoria;en=Celery:Uncategorized"
651,72,23,1.9,3.8,0.1,0,0,0,"it=Sedano Rapa:Senza categoria;en=Celeriac:Uncategorized"
652,100,872,0.8,0,96.5,0,0,0,"it=Sego Di Bue:Senza categoria;en=Beef Tallow:Uncategorized"
653,100,341,11.5,77.6,0.5,0,0,0,"it=Semola:Senza categoria;en=Semolina:Uncategorized"
654,50,72,14,0.7,1.5,0,0,0,"it=Seppia:Senza categoria;en=Cuttlefish:Uncategorized"
655,98,63,14.1,0.7,0.4,0,0,0,"it=Seppia Surgelata:Senza categoria;en=Frozen Cuttlefish:Uncategorized"
656,80,168,17,0,11.1,0,0,0,"it=Sgombro:Senza categoria;en=Mackerel:Uncategorized"
657,100,177,19.3,0,11.1,0,0,0,"it=Sgombro Salamoia:Senza categoria;en=Mackerel In Brine:Uncategorized"
658,88,201,25.3,1,10.7,0,0,0,"it=Sgombro Sott'olio:Senza categoria;en=Mackerel In Oil:Uncategorized"
659,100,53,5.2,7.7,0.1,0,0,0,"it=Shoyu - Salsa Di Soia E Grano:Senza categoria;en=Shoyu - Soy And Wheat Sauce:Uncategorized"
660,100,22,2,5.8,0,0,0,0,"it=Soda Dolce:Senza categoria;en=Sweet Soda:Uncategorized"
661,100,278,7.2,28.6,15.8,0,0,0,"it=Sofficini Al Formaggio Surgelati:Senza categoria;en=Frozen Cheese Sofficini:Uncategorized"
662,100,210,9,24,9,0,0,0,"it=Sofficini Findus:Senza categoria;en=Findus Sofficini:Uncategorized"
663,48,86,16.9,0.8,1.7,0,0,0,"it=Sogliola:Senza categoria;en=Sole:Uncategorized"
664,48,84,17.3,0.8,1.3,0,0,0,"it=Sogliola Surgelata:Senza categoria;en=Frozen Sole:Uncategorized"
665,100,398,36.9,23.3,18.1,0,0,0,"it=Soia - Semi:Senza categoria;en=Soy - Beans:Uncategorized"
666,100,329,47,20.9,1.2,0,0,0,"it=Soia - Bistecca:Senza categoria;en=Soy - Steak:Uncategorized"
667,98,49,6.2,3,1.4,0,0,0,"it=Soia - Germogli:Senza categoria;en=Soy - Sprouts:Uncategorized"
668,100,330,20.8,0.9,27,0,0,0,"it=Sottilette:Senza categoria;en=Sliced Cheese:Uncategorized"
669,100,301,28.3,0.5,20.9,0,0,0,"it=Speck:Senza categoria;en=Speck:Uncategorized"
670,54,82,16.5,0.6,1.5,0,0,0,"it=Spigola:Senza categoria;en=Sea Bass:Uncategorized"
671,83,31,3.4,3,0.7,0,0,0,"it=Spinaci:Senza categoria;en=Spinach:Uncategorized"
672,63,19,2.8,0.8,0.5,0,0,0,"it=Spinaci In Scatola:Senza categoria;en=Canned Spinach:Uncategorized"
673,100,279,10,26,15,0,0,0,"it=Spinacine:Senza categoria;en=Spinach Cutlets:Uncategorized"
674,100,33,0.5,8.2,0,0,0,0,"it=Spremuta Di Arancia:Senza categoria;en=Orange Juice:Uncategorized"
675,100,30,0.3,7.9,2,0,0,0,"it=Spremuta Di Pompelmo:Senza categoria;en=Grapefruit Juice:Uncategorized"
676,100,82,0.2,5.1,0,0,0,0,"it=Spumanti Aromatici:Senza categoria;en=Aromatic Sparkling Wines:Uncategorized"
677,100,71,0.1,2.5,0,0,0,0,"it=Spumanti Demi0sec:Senza categoria;en=Demi-sec Sparkling Wines:Uncategorized"
678,100,65,0.1,0.7,0,0,0,0,"it=Spumanti Secchi:Senza categoria;en=Dry Sparkling Wines:Uncategorized"
679,64,113,26.4,0,2.6,0,0,0,"it=Starna - Coscio:Senza categoria;en=Partridge - Leg:Uncategorized"
680,85,92,20.7,0.3,0.9,0,0,0,"it=Stoccafisso - Ammollato:Senza categoria;en=Stockfish - Soaked:Uncategorized"
681,78,358,80.1,1.1,3.5,0,0,0,"it=Stoccafisso - Secco:Senza categoria;en=Stockfish - Dried:Uncategorized"
682,100,300,18.5,2,25.1,0,0,0,"it=Stracchino:Senza categoria;en=Stracchino Cheese:Uncategorized"
683,100,892,0.3,0,99,0,0,0,"it=Strutto O Sugna:Senza categoria;en=Lard Or Suet:Uncategorized"
684,100,47,0.3,12,0.1,0,0,0,"it=Succo Di Albicocca - Conservato:Senza categoria;en=Apricot Juice - Preserved:Uncategorized"
685,100,56,0.3,13.6,0.1,0,0,0,"it=Succo Di Ananas - Conservato:Senza categoria;en=Pineapple Juice - Preserved:Uncategorized"
686,100,43,0.6,10.2,0.1,0,0,0,"it=Succo Di Arancia E Pompelmo Non Zuccherato:Senza categoria;en=Unsweetened Orange And Grapefruit Juice:Uncategorized"
687,100,185,2.9,44.9,0.5,0,0,0,"it=Succo Di Arancia - Concentrato:Senza categoria;en=Orange Juice - Concentrate:Uncategorized"
688,100,36,0.5,8.8,0.1,0,0,0,"it=Succo Di Arancia - Conservato - Non Zuccherato:Senza categoria;en=Orange Juice - Preserved - Unsweetened:Uncategorized"
689,100,14,0.8,2.9,0,0,0,0,"it=Succo Di Barbabietola - Fresco:Senza categoria;en=Beet Juice - Fresh:Uncategorized"
690,100,24,0.5,5.7,0.1,0,0,0,"it=Succo Di Carote - Conservato:Senza categoria;en=Carrot Juice - Preserved:Uncategorized"
691,100,56,0.3,14.5,0.1,0,0,0,"it=Succo Di Frutta - Conservato:Senza categoria;en=Fruit Juice - Preserved:Uncategorized"
692,100,21,0.4,6.1,0.3,0,0,0,"it=Succo Di Limone - Conservato:Senza categoria;en=Lemon Juice - Preserved:Uncategorized"
693,100,6,0.2,1.4,0,0,0,0,"it=Succo Di Limone - Fresco:Senza categoria;en=Lemon Juice - Fresh:Uncategorized"
694,100,50,0.5,11.8,0.2,0,0,0,"it=Succo Di Mandarino - Conservato - Non Zuccherat:Senza categoria;en=Tangerine Juice - Preserved - Unsweetened:Uncategorized"
695,100,43,0.5,9.9,0.2,0,0,0,"it=Succo Di Mandarino - Fresco:Senza categoria;en=Tangerine Juice - Fresh:Uncategorized"
696,100,38,0.1,9.9,0.1,0,0,0,"it=Succo Di Mela - Conservato - Non Zuccherato:Senza categoria;en=Apple Juice - Preserved - Unsweetened:Uncategorized"
697,100,44,0.2,11.6,2,0,0,0,"it=Succo Di Melagrana - Fresco:Senza categoria;en=Pomegranate Juice - Fresh:Uncategorized"
698,100,60,0.1,15.2,2,0,0,0,"it=Succo Di Pera - Conservato:Senza categoria;en=Pear Juice - Preserved:Uncategorized"
699,100,54,0.3,13.3,2,0,0,0,"it=Succo Di Pesca - Conservato:Senza categoria;en=Peach Juice - Preserved:Uncategorized"
700,100,14,0.8,3,2,0,0,0,"it=Succo Di Pomodoro - Conservato:Senza categoria;en=Tomato Juice - Preserved:Uncategorized"
701,100,33,0.4,8.3,0.1,0,0,0,"it=Succo Di Pompelmo - Conservato - Non Zuccherato:Senza categoria;en=Grapefruit Juice - Preserved - Unsweetened:Uncategorized"
702,100,46,0.6,11,0.1,0,0,0,"it=Succo Di Pompelmo - Conservato - Zuccherato:Senza categoria;en=Grapefruit Juice - Preserved - Sweetened:Uncategorized"
703,100,10,1.4,0.5,0.3,0,0,0,"it=Succo Di Spinaci:Senza categoria;en=Spinach Juice:Uncategorized"
704,100,46,0.3,11.7,0.1,0,0,0,"it=Succo Di Uva - Conservato - Non Zuccherato:Senza categoria;en=Grape Juice - Preserved - Unsweetened:Uncategorized"
705,100,47,0.2,11.6,0.1,0,0,0,"it=Succo Tropicale - Conservato:Senza categoria;en=Tropical Juice - Preserved:Uncategorized"
706,100,268,17.2,0,22.1,0,0,0,"it=Suino - Semigrassa:Senza categoria;en=Pork - Medium Fat:Uncategorized"
707,75,100,18.3,0,3,0,0,0,"it=Suino - Bistecca:Senza categoria;en=Pork - Steak:Uncategorized"
708,100,141,19.9,0,6.8,0,0,0,"it=Suino - Magra:Senza categoria;en=Pork - Lean:Uncategorized"
709,100,102,18.7,0,3,0,0,0,"it=Suino - Coscio:Senza categoria;en=Pork - Leg:Uncategorized"
710,100,159,18.3,0.4,9.4,0,0,0,"it=Suino - Cuore:Senza categoria;en=Pork - Heart:Uncategorized"
711,100,140,22.8,1.5,4.8,0,0,0,"it=Suino - Fegato:Senza categoria;en=Pork - Liver:Uncategorized"
712,100,78,19,0.1,0.2,0,0,0,"it=Suino - Sangue:Senza categoria;en=Pork - Blood:Uncategorized"
713,100,99,15.2,6.9,0.9,0,0,0,"it=Surimi:Senza categoria;en=Surimi:Uncategorized"
714,100,145,22,0.4,6.2,0,0,0,"it=Tacchina - Petto:Senza categoria;en=Turkey - Breast:Uncategorized"
715,75,241,22.3,0,16.9,0,0,0,"it=Tacchina - Ala:Senza categoria;en=Turkey - Wing:Uncategorized"
716,87,253,20.9,0.4,18.7,0,0,0,"it=Tacchina - Coscia:Senza categoria;en=Turkey - Leg:Uncategorized"
717,75,146,21,0.1,6.8,0,0,0,"it=Tacchino - Intero:Senza categoria;en=Turkey - Whole:Uncategorized"
718,75,193,22.3,0,11.5,0,0,0,"it=Tacchino - Ala:Senza categoria;en=Turkey - Wing:Uncategorized"
719,87,186,20.9,0.4,11.2,0,0,0,"it=Tacchino - Coscia:Senza categoria;en=Turkey - Leg:Uncategorized"
720,100,134,22,0.4,4.9,0,0,0,"it=Tacchino - Petto:Senza categoria;en=Turkey - Breast:Uncategorized"
721,100,306,20.6,2,24.8,0,0,0,"it=Taleggio:Senza categoria;en=Taleggio Cheese:Uncategorized"
722,100,60,10.5,4.8,0.1,0,0,0,"it=Tamari - Salsa Di Soia:Senza categoria;en=Tamari - Soy Sauce:Uncategorized"
723,100,363,0.6,95.8,0.2,0,0,0,"it=Tapioca:Senza categoria;en=Tapioca:Uncategorized"
724,79,31,6,0.7,0.5,0,0,0,"it=Tartufo Nero:Senza categoria;en=Black Truffle:Uncategorized"
725,100,108,19.6,3,2,0,0,0,"it=Te' Deteinato - In Foglie:Senza categoria;en=Decaffeinated Tea - Leaves:Uncategorized"
726,100,2,0.1,2,2,0,0,0,"it=Te' Deteinato - In Tazza:Senza categoria;en=Decaffeinated Tea - Cup:Uncategorized"
727,100,108,19.6,3,2,0,0,0,"it=Te' - In Foglie:Senza categoria;en=Tea - Leaves:Uncategorized"
728,100,2,0.1,2,2,0,0,0,"it=Te' - In Tazza:Senza categoria;en=Tea - Cup:Uncategorized"
729,100,166,20.7,6.4,6.4,0,0,0,"it=Tempeh:Senza categoria;en=Tempeh:Uncategorized"
730,100,95,3,15.1,2.5,0,0,0,"it=Timo - Fresco:Senza categoria;en=Thyme - Fresh:Uncategorized"
731,100,276,9.1,45.3,7.4,0,0,0,"it=Timo - Secco Macinato:Senza categoria;en=Thyme - Dried Ground:Uncategorized"
732,55,76,17.9,0,0.5,0,0,0,"it=Tinca:Senza categoria;en=Tench:Uncategorized"
733,100,411,13.2,33.5,25.8,0,0,0,"it=Tiramisu':Senza categoria;en=Tiramisu:Uncategorized"
734,100,1,0,0.2,2,0,0,0,"it=Tisana In Tazza:Senza categoria;en=Herbal Tea In A Cup:Uncategorized"
735,100,76,8.1,0.7,4.8,0,0,0,"it=Tofu:Senza categoria;en=Tofu:Uncategorized"
736,90,158,21.5,0,8,0,0,0,"it=Tonno:Senza categoria;en=Tuna:Uncategorized"
737,100,103,25.1,0,0.3,0,0,0,"it=Tonno In Salamoia:Senza categoria;en=Tuna In Brine:Uncategorized"
738,100,258,22.8,0,18.5,0,0,0,"it=Tonno Sott'olio:Senza categoria;en=Tuna In Oil:Uncategorized"
739,58,143,20.1,0,7.7,0,0,0,"it=Tordo:Senza categoria;en=Thrush:Uncategorized"
740,100,479,10.8,52,26.8,0,0,0,"it=Torrone Con Mandorle:Senza categoria;en=Nougat With Almonds:Uncategorized"
741,100,315,4.9,36.8,17.5,0,0,0,"it=Torta Al Cioccolato:Senza categoria;en=Chocolate Cake:Uncategorized"
742,100,368,8.9,63.6,10.4,0,0,0,"it=Torta Margherita:Senza categoria;en=Margherita Cake:Uncategorized"
743,100,310,12.2,52.6,7.1,0,0,0,"it=Tortellini - Freschi:Senza categoria;en=Tortellini - Fresh:Uncategorized"
744,100,389,15.7,61,10.8,0,0,0,"it=Tortellini - Secchi:Senza categoria;en=Tortellini - Dried:Uncategorized"
745,60,123,15.8,1.1,6.2,0,0,0,"it=Triglia:Senza categoria;en=Mullet:Uncategorized"
746,55,86,14.7,0,3,0,0,0,"it=Trota:Senza categoria;en=Trout:Uncategorized"
747,88,190,12.2,0.7,15.4,0,0,0,"it=Uovo Di Anatra:Senza categoria;en=Duck Egg:Uncategorized"
748,100,47,10.9,0.8,2,0,0,0,"it=Uovo Di Gallina - Albume:Senza categoria;en=Chicken Egg - White:Uncategorized"
749,89,156,13,1,11.1,0,0,0,"it=Uovo Di Gallina - Intero:Senza categoria;en=Chicken Egg - Whole:Uncategorized"
750,100,574,47,4.1,41.2,0,0,0,"it=Uovo Di Gallina - Intero - In Polvere:Senza categoria;en=Chicken Egg - Whole - Powder:Uncategorized"
751,100,355,16.3,0.7,31.9,0,0,0,"it=Uovo Di Gallina - Tuorlo:Senza categoria;en=Chicken Egg - Yolk:Uncategorized"
752,87,189,13.8,1,14.4,0,0,0,"it=Uovo Di Oca:Senza categoria;en=Goose Egg:Uncategorized"
753,87,147,12.8,1,10.2,0,0,0,"it=Uovo Di Tacchina:Senza categoria;en=Turkey Egg:Uncategorized"
754,94,61,0.5,15.6,0.1,0,0,0,"it=Uva:Senza categoria;en=Grapes:Uncategorized"
755,100,283,1.9,72,0.6,0,0,0,"it=Uva Sultanina/uvetta - Uva Secca:Senza categoria;en=Sultanas/raisins - Dried Grapes:Uncategorized"
756,100,21,2,3.6,0.4,0,0,0,"it=Valeriana:Senza categoria;en=Valerian:Uncategorized"
757,100,288,0.1,12.7,0.1,0,0,0,"it=Vaniglia:Senza categoria;en=Vanilla:Uncategorized"
758,32,88,16.8,2.4,0.8,0,0,0,"it=Ventaglio O Pettine:Senza categoria;en=Scallop:Uncategorized"
759,100,64,3.3,9.5,0.5,0,0,0,"it=Verdura E Legumi - Surgelati:Senza categoria;en=Vegetables And Legumes - Frozen:Uncategorized"
760,100,151,2,15.9,0,0,0,0,"it=Vermouth Dolce:Senza categoria;en=Sweet Vermouth:Uncategorized"
761,100,109,0.1,3,0,0,0,0,"it=Vermouth Secco:Senza categoria;en=Dry Vermouth:Uncategorized"
762,100,71,0.1,0.1,0,0,0,0,"it=Vino Bianco:Senza categoria;en=White Wine:Uncategorized"
763,100,71,0.1,2.5,0,0,0,0,"it=Vino Rosato:Senza categoria;en=Ros Wine:Uncategorized"
764,100,76,0.1,0.2,0,0,0,0,"it=Vino Rosso:Senza categoria;en=Red Wine:Uncategorized"
765,100,92,20.7,0.1,1,0,0,0,"it=Vitello - Magra:Senza categoria;en=Veal - Lean:Uncategorized"
766,100,144,20.3,0,7,0,0,0,"it=Vitello - Semigrassa:Senza categoria;en=Veal - Medium Fat:Uncategorized"
767,100,103,17.1,1.6,3.2,0,0,0,"it=Vitello - Coratella:Senza categoria;en=Veal - Offal:Uncategorized"
768,100,160,19.1,0,9.3,0,0,0,"it=Vitellone - Semigrassa:Senza categoria;en=Young Beef - Medium Fat:Uncategorized"
769,100,204,18.1,0,14.6,0,0,0,"it=Vitellone - Grassa:Senza categoria;en=Young Beef - Fat:Uncategorized"
770,100,113,21.3,0,3.1,0,0,0,"it=Vitellone - Magra:Senza categoria;en=Young Beef - Lean:Uncategorized"
771,100,155,20.2,0,8.3,0,0,0,"it=Vitellone - Grassa:Senza categoria;en=Young Beef - Fat:Uncategorized"
772,100,108,21.3,0,2.8,0,0,0,"it=Vitellone - Magra:Senza categoria;en=Young Beef - Lean:Uncategorized"
773,100,140,21.5,0,6.1,0,0,0,"it=Vitellone - Semigrassa:Senza categoria;en=Young Beef - Medium Fat:Uncategorized"
774,100,222,0,0,0,0,0,0,"it=Vodka:Senza categoria;en=Vodka:Uncategorized"
775,25,72,10.2,2.2,2.5,0,0,0,"it=Vongola:Senza categoria;en=Clam:Uncategorized"
776,100,148,25.6,5.1,2,0,0,0,"it=Vongole In Scatola:Senza categoria;en=Canned Clams:Uncategorized"
777,100,71,12.4,2,2.4,0,0,0,"it=Wakame - Secca:Senza categoria;en=Wakame - Dried:Uncategorized"
778,100,238,0,0.1,0,0,0,0,"it=Whisky:Senza categoria;en=Whisky:Uncategorized"
779,100,270,13.7,1.4,23.3,0,0,0,"it=Wurstel:Senza categoria;en=Wurstel:Uncategorized"
780,100,257,12.9,6.8,19.5,0,0,0,"it=Wurstel Di Pollo:Senza categoria;en=Chicken Wurstel:Uncategorized"
781,100,226,14.3,1.5,17.7,0,0,0,"it=Wurstel Di Tacchino:Senza categoria;en=Turkey Wurstel:Uncategorized"
782,100,63,3.5,3.6,3.9,0,0,0,"it=Yogurt Di Latte Intero:Senza categoria;en=Whole Milk Yogurt:Uncategorized"
783,100,95,3.5,12.9,3.6,0,0,0,"it=Yogurt Di Latte Intero Ai Cereali E Malto:Senza categoria;en=Whole Milk Yogurt With Cereals And Malt:Uncategorized"
784,100,88,2.8,12.6,3.3,0,0,0,"it=Yogurt Di Latte Intero Alla Frutta:Senza categoria;en=Whole Milk Yogurt With Fruit:Uncategorized"
785,100,90,4.1,17.9,0.7,0,0,0,"it=Yogurt Di Latte Magro Alla Frutta:Senza categoria;en=Low-fat Yogurt With Fruit:Uncategorized"
786,100,43,3.4,3.8,1.7,0,0,0,"it=Yogurt Di Latte Parzialmente Scremato:Senza categoria;en=Partially Skimmed Milk Yogurt:Uncategorized"
787,100,36,3.3,4,0.9,0,0,0,"it=Yogurt Di Latte Scremato:Senza categoria;en=Skimmed Milk Yogurt:Uncategorized"
788,100,310,11.4,61.5,5.9,0,0,0,"it=Zafferano:Senza categoria;en=Saffron:Uncategorized"
789,100,360,19.1,0,31.6,0,0,0,"it=Zampone:Senza categoria;en=Zampone:Uncategorized"
790,81,18,1.1,3.5,0.1,0,0,0,"it=Zucca Gialla:Senza categoria;en=Yellow Pumpkin:Uncategorized"
791,100,392,0,104.5,0,0,0,0,"it=Zucchero (saccarosio):Senza categoria;en=Sugar (sucrose):Uncategorized"
792,100,362,0.1,101.3,0,0,0,0,"it=Zucchero Di Canna - Grezzo:Senza categoria;en=Brown Sugar - Raw:Uncategorized"
793,88,11,1.3,1.4,0.1,0,0,0,"it=Zucchine:Senza categoria;en=Zucchini:Uncategorized"
